CustomerID,FirstName,LastName,LoyaltyPoints,Email,JoinDate
1,First_1,Last_1,410,customer_1@example.com,2021-01-31
2,First_2,Last_2,102,customer_2@example.com,2022-03-19
3,First_3,Last_3,89,customer_3@example.com,2020-12-15
4,First_4,Last_4,60,customer_4@example.com,2023-09-24
5,First_5,Last_5,400,customer_5@example.com,2023-03-28
6,First_6,Last_6,88,customer_6@example.com,2020-11-01
7,First_7,Last_7,56,customer_7@example.com,2020-07-31
8,First_8,Last_8,31,customer_8@example.com,2020-01-21
9,First_9,Last_9,333,customer_9@example.com,2021-12-20
10,First_10,Last_10,216,customer_10@example.com,2023-04-04
11,First_11,Last_11,230,customer_11@example.com,2023-01-15
12,First_12,Last_12,357,customer_12@example.com,2019-09-10
13,First_13,Last_13,284,customer_13@example.com,2020-07-07
14,First_14,Last_14,190,customer_14@example.com,2022-06-24
15,First_15,Last_15,332,customer_15@example.com,2021-01-29
16,First_16,Last_16,193,customer_16@example.com,2022-09-20
17,First_17,Last_17,428,customer_17@example.com,2019-12-05
18,First_18,Last_18,431,customer_18@example.com,2020-08-05
19,First_19,Last_19,279,customer_19@example.com,2020-08-15
20,First_20,Last_20,447,customer_20@example.com,2020-02-15
21,First_21,Last_21,460,customer_21@example.com,2020-12-23
22,First_22,Last_22,163,customer_22@example.com,2023-01-09
23,First_23,Last_23,308,customer_23@example.com,2022-12-20
24,First_24,Last_24,492,customer_24@example.com,2019-10-03
25,First_25,Last_25,322,customer_25@example.com,2023-08-03
26,First_26,Last_26,231,customer_26@example.com,2023-05-18
27,First_27,Last_27,199,customer_27@example.com,2021-10-22
28,First_28,Last_28,306,customer_28@example.com,2021-07-19
29,First_29,Last_29,389,customer_29@example.com,2019-09-16
30,First_30,Last_30,410,customer_30@example.com,2019-12-15
31,First_31,Last_31,90,customer_31@example.com,2023-09-29
32,First_32,Last_32,334,customer_32@example.com,2021-05-25
33,First_33,Last_33,10,customer_33@example.com,2019-07-25
34,First_34,Last_34,281,customer_34@example.com,2023-09-12
35,First_35,Last_35,294,customer_35@example.com,2021-07-01
36,First_36,Last_36,202,customer_36@example.com,2022-02-26
37,First_37,Last_37,425,customer_37@example.com,2022-06-06
38,First_38,Last_38,241,customer_38@example.com,2023-07-02
39,First_39,Last_39,272,customer_39@example.com,2022-06-19
40,First_40,Last_40,115,customer_40@example.com,2020-10-06
41,First_41,Last_41,234,customer_41@example.com,2022-02-12
42,First_42,Last_42,488,customer_42@example.com,2020-06-26
43,First_43,Last_43,300,customer_43@example.com,2022-07-30
44,First_44,Last_44,245,customer_44@example.com,2022-09-10
45,First_45,Last_45,97,customer_45@example.com,2020-11-07
46,First_46,Last_46,247,customer_46@example.com,2020-12-04
47,First_47,Last_47,320,customer_47@example.com,2022-12-01
48,First_48,Last_48,251,customer_48@example.com,2020-07-28
49,First_49,Last_49,134,customer_49@example.com,2020-07-18
50,First_50,Last_50,192,customer_50@example.com,2021-08-17
51,First_51,Last_51,275,customer_51@example.com,2021-04-29
52,First_52,Last_52,83,customer_52@example.com,2022-11-15
53,First_53,Last_53,63,customer_53@example.com,2022-12-07
54,First_54,Last_54,413,customer_54@example.com,2021-08-14
55,First_55,Last_55,270,customer_55@example.com,2023-11-25
56,First_56,Last_56,142,customer_56@example.com,2021-01-13
57,First_57,Last_57,402,customer_57@example.com,2023-05-02
58,First_58,Last_58,243,customer_58@example.com,2021-01-13
59,First_59,Last_59,160,customer_59@example.com,2020-08-05
60,First_60,Last_60,354,customer_60@example.com,2021-05-12
61,First_61,Last_61,217,customer_61@example.com,2022-02-08
62,First_62,Last_62,443,customer_62@example.com,2021-07-09
63,First_63,Last_63,150,customer_63@example.com,2023-09-06
64,First_64,Last_64,255,customer_64@example.com,2023-11-11
65,First_65,Last_65,416,customer_65@example.com,2019-05-18
66,First_66,Last_66,308,customer_66@example.com,2021-04-01
67,First_67,Last_67,278,customer_67@example.com,2022-02-12
68,First_68,Last_68,18,customer_68@example.com,2021-08-30
69,First_69,Last_69,250,customer_69@example.com,2022-02-02
70,First_70,Last_70,459,customer_70@example.com,2021-07-22
71,First_71,Last_71,275,customer_71@example.com,2023-02-20
72,First_72,Last_72,203,customer_72@example.com,2022-05-01
73,First_73,Last_73,383,customer_73@example.com,2023-07-25
74,First_74,Last_74,132,customer_74@example.com,2022-11-08
75,First_75,Last_75,489,customer_75@example.com,2019-05-18
76,First_76,Last_76,338,customer_76@example.com,2019-05-14
77,First_77,Last_77,289,customer_77@example.com,2022-02-18
78,First_78,Last_78,391,customer_78@example.com,2021-02-08
79,First_79,Last_79,33,customer_79@example.com,2020-02-13
80,First_80,Last_80,117,customer_80@example.com,2023-08-21
81,First_81,Last_81,97,customer_81@example.com,2019-05-17
82,First_82,Last_82,67,customer_82@example.com,2022-10-19
83,First_83,Last_83,174,customer_83@example.com,2023-01-17
84,First_84,Last_84,179,customer_84@example.com,2019-11-22
85,First_85,Last_85,446,customer_85@example.com,2020-12-04
86,First_86,Last_86,53,customer_86@example.com,2019-05-14
87,First_87,Last_87,56,customer_87@example.com,2019-08-12
88,First_88,Last_88,448,customer_88@example.com,2021-05-23
89,First_89,Last_89,40,customer_89@example.com,2020-12-18
90,First_90,Last_90,152,customer_90@example.com,2023-12-18
91,First_91,Last_91,276,customer_91@example.com,2023-10-01
92,First_92,Last_92,336,customer_92@example.com,2021-03-30
93,First_93,Last_93,473,customer_93@example.com,2023-07-03
94,First_94,Last_94,106,customer_94@example.com,2023-08-21
95,First_95,Last_95,494,customer_95@example.com,2023-02-27
96,First_96,Last_96,445,customer_96@example.com,2020-08-11
97,First_97,Last_97,9,customer_97@example.com,2022-08-20
98,First_98,Last_98,388,customer_98@example.com,2020-04-07
99,First_99,Last_99,493,customer_99@example.com,2021-10-15
100,First_100,Last_100,455,customer_100@example.com,2022-07-28
101,First_101,Last_101,48,customer_101@example.com,2023-08-07
102,First_102,Last_102,158,customer_102@example.com,2019-11-04
103,First_103,Last_103,255,customer_103@example.com,2021-03-19
104,First_104,Last_104,164,customer_104@example.com,2020-08-13
105,First_105,Last_105,153,customer_105@example.com,2021-12-27
106,First_106,Last_106,115,customer_106@example.com,2021-11-03
107,First_107,Last_107,310,customer_107@example.com,2023-03-31
108,First_108,Last_108,16,customer_108@example.com,2020-07-11
109,First_109,Last_109,41,customer_109@example.com,2020-05-23
110,First_110,Last_110,123,customer_110@example.com,2021-07-14
111,First_111,Last_111,159,customer_111@example.com,2021-01-05
112,First_112,Last_112,51,customer_112@example.com,2020-08-01
113,First_113,Last_113,205,customer_113@example.com,2023-02-25
114,First_114,Last_114,210,customer_114@example.com,2019-12-30
115,First_115,Last_115,17,customer_115@example.com,2021-11-16
116,First_116,Last_116,243,customer_116@example.com,2019-12-02
117,First_117,Last_117,333,customer_117@example.com,2023-07-19
118,First_118,Last_118,423,customer_118@example.com,2021-04-29
119,First_119,Last_119,438,customer_119@example.com,2019-08-11
120,First_120,Last_120,272,customer_120@example.com,2023-10-09
121,First_121,Last_121,83,customer_121@example.com,2019-06-16
122,First_122,Last_122,285,customer_122@example.com,2019-09-12
123,First_123,Last_123,102,customer_123@example.com,2020-06-12
124,First_124,Last_124,331,customer_124@example.com,2023-10-28
125,First_125,Last_125,189,customer_125@example.com,2023-11-24
126,First_126,Last_126,322,customer_126@example.com,2020-09-22
127,First_127,Last_127,185,customer_127@example.com,2023-09-19
128,First_128,Last_128,308,customer_128@example.com,2022-08-09
129,First_129,Last_129,327,customer_129@example.com,2023-04-16
130,First_130,Last_130,406,customer_130@example.com,2022-10-14
131,First_131,Last_131,120,customer_131@example.com,2022-10-01
132,First_132,Last_132,329,customer_132@example.com,2023-06-29
133,First_133,Last_133,240,customer_133@example.com,2023-03-01
134,First_134,Last_134,17,customer_134@example.com,2019-10-09
135,First_135,Last_135,140,customer_135@example.com,2022-08-29
136,First_136,Last_136,307,customer_136@example.com,2022-02-05
137,First_137,Last_137,34,customer_137@example.com,2023-05-22
138,First_138,Last_138,275,customer_138@example.com,2022-05-17
139,First_139,Last_139,17,customer_139@example.com,2020-12-06
140,First_140,Last_140,464,customer_140@example.com,2022-12-04
141,First_141,Last_141,197,customer_141@example.com,2023-10-07
142,First_142,Last_142,488,customer_142@example.com,2020-05-18
143,First_143,Last_143,464,customer_143@example.com,2021-11-14
144,First_144,Last_144,102,customer_144@example.com,2022-09-30
145,First_145,Last_145,255,customer_145@example.com,2022-12-20
146,First_146,Last_146,444,customer_146@example.com,2023-10-08
147,First_147,Last_147,30,customer_147@example.com,2023-12-26
148,First_148,Last_148,31,customer_148@example.com,2020-10-04
149,First_149,Last_149,435,customer_149@example.com,2021-01-11
150,First_150,Last_150,62,customer_150@example.com,2022-09-24
151,First_151,Last_151,209,customer_151@example.com,2021-07-30
152,First_152,Last_152,253,customer_152@example.com,2020-10-19
153,First_153,Last_153,475,customer_153@example.com,2021-12-13
154,First_154,Last_154,245,customer_154@example.com,2023-12-05
155,First_155,Last_155,283,customer_155@example.com,2020-04-24
156,First_156,Last_156,395,customer_156@example.com,2021-04-02
157,First_157,Last_157,252,customer_157@example.com,2021-07-09
158,First_158,Last_158,293,customer_158@example.com,2020-09-29
159,First_159,Last_159,393,customer_159@example.com,2022-07-25
160,First_160,Last_160,167,customer_160@example.com,2021-07-01
161,First_161,Last_161,154,customer_161@example.com,2022-01-16
162,First_162,Last_162,311,customer_162@example.com,2020-03-02
163,First_163,Last_163,386,customer_163@example.com,2023-10-25
164,First_164,Last_164,64,customer_164@example.com,2023-08-19
165,First_165,Last_165,270,customer_165@example.com,2021-05-08
166,First_166,Last_166,86,customer_166@example.com,2021-07-12
167,First_167,Last_167,340,customer_167@example.com,2022-07-07
168,First_168,Last_168,171,customer_168@example.com,2020-03-11
169,First_169,Last_169,219,customer_169@example.com,2022-05-02
170,First_170,Last_170,158,customer_170@example.com,2020-01-25
171,First_171,Last_171,234,customer_171@example.com,2021-12-06
172,First_172,Last_172,340,customer_172@example.com,2021-10-01
173,First_173,Last_173,246,customer_173@example.com,2022-08-30
174,First_174,Last_174,158,customer_174@example.com,2019-10-30
175,First_175,Last_175,471,customer_175@example.com,2023-12-21
176,First_176,Last_176,15,customer_176@example.com,2020-07-10
177,First_177,Last_177,201,customer_177@example.com,2023-08-26
178,First_178,Last_178,441,customer_178@example.com,2021-01-08
179,First_179,Last_179,299,customer_179@example.com,2022-06-08
180,First_180,Last_180,41,customer_180@example.com,2020-07-13
181,First_181,Last_181,424,customer_181@example.com,2023-04-13
182,First_182,Last_182,326,customer_182@example.com,2022-07-28
183,First_183,Last_183,412,customer_183@example.com,2022-05-26
184,First_184,Last_184,273,customer_184@example.com,2021-03-29
185,First_185,Last_185,490,customer_185@example.com,2020-08-13
186,First_186,Last_186,112,customer_186@example.com,2020-07-05
187,First_187,Last_187,135,customer_187@example.com,2021-08-18
188,First_188,Last_188,214,customer_188@example.com,2023-09-19
189,First_189,Last_189,154,customer_189@example.com,2020-09-07
190,First_190,Last_190,131,customer_190@example.com,2023-08-21
191,First_191,Last_191,1,customer_191@example.com,2022-07-20
192,First_192,Last_192,173,customer_192@example.com,2021-03-01
193,First_193,Last_193,414,customer_193@example.com,2023-03-28
194,First_194,Last_194,209,customer_194@example.com,2020-06-27
195,First_195,Last_195,446,customer_195@example.com,2023-05-11
196,First_196,Last_196,241,customer_196@example.com,2022-11-06
197,First_197,Last_197,405,customer_197@example.com,2019-09-28
198,First_198,Last_198,128,customer_198@example.com,2023-04-11
199,First_199,Last_199,65,customer_199@example.com,2020-05-29
200,First_200,Last_200,496,customer_200@example.com,2023-01-01
201,First_201,Last_201,28,customer_201@example.com,2023-12-19
202,First_202,Last_202,166,customer_202@example.com,2023-11-14
203,First_203,Last_203,286,customer_203@example.com,2022-04-27
204,First_204,Last_204,230,customer_204@example.com,2023-11-17
205,First_205,Last_205,129,customer_205@example.com,2021-11-12
206,First_206,Last_206,270,customer_206@example.com,2022-04-06
207,First_207,Last_207,326,customer_207@example.com,2020-11-09
208,First_208,Last_208,230,customer_208@example.com,2021-05-06
209,First_209,Last_209,473,customer_209@example.com,2022-07-13
210,First_210,Last_210,107,customer_210@example.com,2020-10-02
211,First_211,Last_211,118,customer_211@example.com,2022-12-08
212,First_212,Last_212,248,customer_212@example.com,2021-06-29
213,First_213,Last_213,82,customer_213@example.com,2022-01-15
214,First_214,Last_214,5,customer_214@example.com,2021-05-24
215,First_215,Last_215,281,customer_215@example.com,2019-07-12
216,First_216,Last_216,144,customer_216@example.com,2023-07-23
217,First_217,Last_217,95,customer_217@example.com,2022-05-22
218,First_218,Last_218,148,customer_218@example.com,2019-09-28
219,First_219,Last_219,394,customer_219@example.com,2021-02-12
220,First_220,Last_220,107,customer_220@example.com,2021-08-30
221,First_221,Last_221,255,customer_221@example.com,2020-10-28
222,First_222,Last_222,64,customer_222@example.com,2019-12-07
223,First_223,Last_223,291,customer_223@example.com,2023-06-06
224,First_224,Last_224,304,customer_224@example.com,2023-10-12
225,First_225,Last_225,286,customer_225@example.com,2022-05-22
226,First_226,Last_226,448,customer_226@example.com,2023-10-05
227,First_227,Last_227,428,customer_227@example.com,2021-09-30
228,First_228,Last_228,211,customer_228@example.com,2021-08-23
229,First_229,Last_229,217,customer_229@example.com,2023-04-24
230,First_230,Last_230,345,customer_230@example.com,2020-08-06
231,First_231,Last_231,183,customer_231@example.com,2019-06-02
232,First_232,Last_232,330,customer_232@example.com,2023-12-26
233,First_233,Last_233,446,customer_233@example.com,2020-09-16
234,First_234,Last_234,124,customer_234@example.com,2023-09-28
235,First_235,Last_235,295,customer_235@example.com,2021-04-08
236,First_236,Last_236,311,customer_236@example.com,2021-06-04
237,First_237,Last_237,40,customer_237@example.com,2021-05-03
238,First_238,Last_238,286,customer_238@example.com,2020-06-09
239,First_239,Last_239,319,customer_239@example.com,2019-10-11
240,First_240,Last_240,24,customer_240@example.com,2020-11-22
241,First_241,Last_241,75,customer_241@example.com,2021-10-12
242,First_242,Last_242,351,customer_242@example.com,2019-08-17
243,First_243,Last_243,118,customer_243@example.com,2021-05-19
244,First_244,Last_244,49,customer_244@example.com,2022-02-04
245,First_245,Last_245,216,customer_245@example.com,2020-05-02
246,First_246,Last_246,45,customer_246@example.com,2023-02-20
247,First_247,Last_247,351,customer_247@example.com,2021-06-05
248,First_248,Last_248,144,customer_248@example.com,2022-03-03
249,First_249,Last_249,78,customer_249@example.com,2020-10-12
250,First_250,Last_250,133,customer_250@example.com,2020-03-24
251,First_251,Last_251,211,customer_251@example.com,2023-11-29
252,First_252,Last_252,18,customer_252@example.com,2020-10-21
253,First_253,Last_253,217,customer_253@example.com,2023-08-19
254,First_254,Last_254,82,customer_254@example.com,2022-06-15
255,First_255,Last_255,439,customer_255@example.com,2021-02-27
256,First_256,Last_256,10,customer_256@example.com,2023-11-30
257,First_257,Last_257,311,customer_257@example.com,2019-10-02
258,First_258,Last_258,91,customer_258@example.com,2020-07-05
259,First_259,Last_259,396,customer_259@example.com,2021-01-02
260,First_260,Last_260,497,customer_260@example.com,2021-04-20
261,First_261,Last_261,297,customer_261@example.com,2023-05-17
262,First_262,Last_262,470,customer_262@example.com,2023-03-11
263,First_263,Last_263,480,customer_263@example.com,2023-10-01
264,First_264,Last_264,254,customer_264@example.com,2022-05-23
265,First_265,Last_265,459,customer_265@example.com,2021-09-18
266,First_266,Last_266,300,customer_266@example.com,2021-06-21
267,First_267,Last_267,369,customer_267@example.com,2021-03-26
268,First_268,Last_268,70,customer_268@example.com,2022-04-06
269,First_269,Last_269,281,customer_269@example.com,2020-10-16
270,First_270,Last_270,357,customer_270@example.com,2022-03-14
271,First_271,Last_271,251,customer_271@example.com,2023-11-11
272,First_272,Last_272,182,customer_272@example.com,2022-12-16
273,First_273,Last_273,4,customer_273@example.com,2020-08-01
274,First_274,Last_274,59,customer_274@example.com,2022-11-15
275,First_275,Last_275,477,customer_275@example.com,2019-06-08
276,First_276,Last_276,164,customer_276@example.com,2019-06-08
277,First_277,Last_277,144,customer_277@example.com,2019-08-06
278,First_278,Last_278,334,customer_278@example.com,2019-09-13
279,First_279,Last_279,92,customer_279@example.com,2021-09-05
280,First_280,Last_280,372,customer_280@example.com,2023-01-07
281,First_281,Last_281,181,customer_281@example.com,2020-03-21
282,First_282,Last_282,138,customer_282@example.com,2021-08-25
283,First_283,Last_283,454,customer_283@example.com,2022-04-12
284,First_284,Last_284,395,customer_284@example.com,2021-08-06
285,First_285,Last_285,481,customer_285@example.com,2022-10-13
286,First_286,Last_286,200,customer_286@example.com,2019-07-17
287,First_287,Last_287,447,customer_287@example.com,2021-06-11
288,First_288,Last_288,478,customer_288@example.com,2020-01-11
289,First_289,Last_289,153,customer_289@example.com,2023-03-03
290,First_290,Last_290,94,customer_290@example.com,2020-12-05
291,First_291,Last_291,194,customer_291@example.com,2019-10-06
292,First_292,Last_292,328,customer_292@example.com,2021-01-29
293,First_293,Last_293,164,customer_293@example.com,2023-08-11
294,First_294,Last_294,258,customer_294@example.com,2019-11-11
295,First_295,Last_295,57,customer_295@example.com,2023-07-28
296,First_296,Last_296,245,customer_296@example.com,2023-04-29
297,First_297,Last_297,169,customer_297@example.com,2022-12-28
298,First_298,Last_298,4,customer_298@example.com,2023-01-31
299,First_299,Last_299,65,customer_299@example.com,2020-01-11
300,First_300,Last_300,345,customer_300@example.com,2022-06-05
301,First_301,Last_301,243,customer_301@example.com,2023-07-15
302,First_302,Last_302,492,customer_302@example.com,2020-03-28
303,First_303,Last_303,266,customer_303@example.com,2020-08-24
304,First_304,Last_304,480,customer_304@example.com,2023-07-10
305,First_305,Last_305,314,customer_305@example.com,2019-06-14
306,First_306,Last_306,73,customer_306@example.com,2019-12-24
307,First_307,Last_307,248,customer_307@example.com,2020-11-07
308,First_308,Last_308,196,customer_308@example.com,2020-02-07
309,First_309,Last_309,78,customer_309@example.com,2023-05-12
310,First_310,Last_310,461,customer_310@example.com,2020-08-24
311,First_311,Last_311,443,customer_311@example.com,2022-01-21
312,First_312,Last_312,232,customer_312@example.com,2019-07-12
313,First_313,Last_313,343,customer_313@example.com,2019-12-21
314,First_314,Last_314,486,customer_314@example.com,2020-05-15
315,First_315,Last_315,406,customer_315@example.com,2021-04-08
316,First_316,Last_316,103,customer_316@example.com,2021-03-07
317,First_317,Last_317,398,customer_317@example.com,2023-04-01
318,First_318,Last_318,256,customer_318@example.com,2022-01-01
319,First_319,Last_319,145,customer_319@example.com,2021-03-10
320,First_320,Last_320,166,customer_320@example.com,2019-09-15
321,First_321,Last_321,318,customer_321@example.com,2020-06-07
322,First_322,Last_322,428,customer_322@example.com,2022-08-05
323,First_323,Last_323,391,customer_323@example.com,2023-11-06
324,First_324,Last_324,250,customer_324@example.com,2023-01-20
325,First_325,Last_325,397,customer_325@example.com,2020-07-16
326,First_326,Last_326,95,customer_326@example.com,2019-10-18
327,First_327,Last_327,188,customer_327@example.com,2020-10-25
328,First_328,Last_328,436,customer_328@example.com,2020-06-28
329,First_329,Last_329,277,customer_329@example.com,2023-08-07
330,First_330,Last_330,344,customer_330@example.com,2020-07-01
331,First_331,Last_331,62,customer_331@example.com,2022-11-14
332,First_332,Last_332,14,customer_332@example.com,2019-09-16
333,First_333,Last_333,369,customer_333@example.com,2023-10-27
334,First_334,Last_334,273,customer_334@example.com,2021-02-17
335,First_335,Last_335,188,customer_335@example.com,2022-12-16
336,First_336,Last_336,109,customer_336@example.com,2020-10-12
337,First_337,Last_337,495,customer_337@example.com,2023-07-19
338,First_338,Last_338,250,customer_338@example.com,2023-03-18
339,First_339,Last_339,188,customer_339@example.com,2021-04-14
340,First_340,Last_340,135,customer_340@example.com,2019-08-27
341,First_341,Last_341,286,customer_341@example.com,2022-09-08
342,First_342,Last_342,354,customer_342@example.com,2021-11-06
343,First_343,Last_343,216,customer_343@example.com,2020-06-04
344,First_344,Last_344,476,customer_344@example.com,2020-03-16
345,First_345,Last_345,337,customer_345@example.com,2019-09-04
346,First_346,Last_346,109,customer_346@example.com,2023-09-10
347,First_347,Last_347,99,customer_347@example.com,2022-09-23
348,First_348,Last_348,400,customer_348@example.com,2022-04-17
349,First_349,Last_349,304,customer_349@example.com,2020-07-05
350,First_350,Last_350,356,customer_350@example.com,2020-04-30
351,First_351,Last_351,35,customer_351@example.com,2020-03-26
352,First_352,Last_352,239,customer_352@example.com,2021-09-01
353,First_353,Last_353,87,customer_353@example.com,2021-04-19
354,First_354,Last_354,186,customer_354@example.com,2020-01-03
355,First_355,Last_355,434,customer_355@example.com,2020-08-12
356,First_356,Last_356,408,customer_356@example.com,2020-08-11
357,First_357,Last_357,231,customer_357@example.com,2021-05-15
358,First_358,Last_358,432,customer_358@example.com,2021-01-02
359,First_359,Last_359,496,customer_359@example.com,2022-12-03
360,First_360,Last_360,73,customer_360@example.com,2023-04-29
361,First_361,Last_361,371,customer_361@example.com,2020-02-02
362,First_362,Last_362,308,customer_362@example.com,2022-03-06
363,First_363,Last_363,361,customer_363@example.com,2021-01-14
364,First_364,Last_364,81,customer_364@example.com,2019-10-31
365,First_365,Last_365,87,customer_365@example.com,2020-04-12
366,First_366,Last_366,447,customer_366@example.com,2019-09-12
367,First_367,Last_367,447,customer_367@example.com,2020-12-29
368,First_368,Last_368,114,customer_368@example.com,2021-05-26
369,First_369,Last_369,420,customer_369@example.com,2021-05-16
370,First_370,Last_370,408,customer_370@example.com,2021-08-07
371,First_371,Last_371,435,customer_371@example.com,2023-08-15
372,First_372,Last_372,370,customer_372@example.com,2023-05-20
373,First_373,Last_373,242,customer_373@example.com,2019-07-03
374,First_374,Last_374,50,customer_374@example.com,2022-05-09
375,First_375,Last_375,13,customer_375@example.com,2022-12-30
376,First_376,Last_376,226,customer_376@example.com,2023-04-23
377,First_377,Last_377,481,customer_377@example.com,2022-08-28
378,First_378,Last_378,480,customer_378@example.com,2021-10-23
379,First_379,Last_379,109,customer_379@example.com,2022-03-23
380,First_380,Last_380,361,customer_380@example.com,2019-11-23
381,First_381,Last_381,389,customer_381@example.com,2022-10-23
382,First_382,Last_382,89,customer_382@example.com,2023-12-30
383,First_383,Last_383,316,customer_383@example.com,2023-02-08
384,First_384,Last_384,175,customer_384@example.com,2021-08-17
385,First_385,Last_385,224,customer_385@example.com,2019-07-02
386,First_386,Last_386,430,customer_386@example.com,2020-02-18
387,First_387,Last_387,290,customer_387@example.com,2021-10-25
388,First_388,Last_388,495,customer_388@example.com,2022-04-20
389,First_389,Last_389,451,customer_389@example.com,2019-10-08
390,First_390,Last_390,17,customer_390@example.com,2021-05-28
391,First_391,Last_391,240,customer_391@example.com,2023-02-15
392,First_392,Last_392,317,customer_392@example.com,2019-06-14
393,First_393,Last_393,179,customer_393@example.com,2022-02-19
394,First_394,Last_394,384,customer_394@example.com,2022-12-24
395,First_395,Last_395,428,customer_395@example.com,2021-02-01
396,First_396,Last_396,408,customer_396@example.com,2021-03-08
397,First_397,Last_397,370,customer_397@example.com,2022-12-09
398,First_398,Last_398,22,customer_398@example.com,2023-07-03
399,First_399,Last_399,368,customer_399@example.com,2021-04-20
400,First_400,Last_400,351,customer_400@example.com,2022-02-07
401,First_401,Last_401,329,customer_401@example.com,2020-05-27
402,First_402,Last_402,102,customer_402@example.com,2022-04-15
403,First_403,Last_403,94,customer_403@example.com,2020-06-19
404,First_404,Last_404,409,customer_404@example.com,2021-07-30
405,First_405,Last_405,223,customer_405@example.com,2022-06-17
406,First_406,Last_406,192,customer_406@example.com,2023-08-01
407,First_407,Last_407,384,customer_407@example.com,2020-05-17
408,First_408,Last_408,237,customer_408@example.com,2020-01-15
409,First_409,Last_409,116,customer_409@example.com,2021-11-05
410,First_410,Last_410,132,customer_410@example.com,2019-06-05
411,First_411,Last_411,195,customer_411@example.com,2022-01-09
412,First_412,Last_412,351,customer_412@example.com,2021-12-29
413,First_413,Last_413,16,customer_413@example.com,2021-05-13
414,First_414,Last_414,18,customer_414@example.com,2019-12-25
415,First_415,Last_415,35,customer_415@example.com,2023-12-01
416,First_416,Last_416,397,customer_416@example.com,2023-09-01
417,First_417,Last_417,362,customer_417@example.com,2019-07-13
418,First_418,Last_418,372,customer_418@example.com,2022-05-21
419,First_419,Last_419,254,customer_419@example.com,2021-05-18
420,First_420,Last_420,113,customer_420@example.com,2019-08-04
421,First_421,Last_421,43,customer_421@example.com,2023-08-26
422,First_422,Last_422,349,customer_422@example.com,2022-08-21
423,First_423,Last_423,124,customer_423@example.com,2023-04-21
424,First_424,Last_424,206,customer_424@example.com,2021-09-06
425,First_425,Last_425,399,customer_425@example.com,2022-10-07
426,First_426,Last_426,270,customer_426@example.com,2022-11-14
427,First_427,Last_427,30,customer_427@example.com,2019-07-16
428,First_428,Last_428,207,customer_428@example.com,2020-10-30
429,First_429,Last_429,410,customer_429@example.com,2020-02-13
430,First_430,Last_430,131,customer_430@example.com,2021-04-08
431,First_431,Last_431,164,customer_431@example.com,2023-03-19
432,First_432,Last_432,452,customer_432@example.com,2020-04-07
433,First_433,Last_433,131,customer_433@example.com,2019-10-05
434,First_434,Last_434,435,customer_434@example.com,2019-10-31
435,First_435,Last_435,270,customer_435@example.com,2023-01-30
436,First_436,Last_436,387,customer_436@example.com,2021-04-09
437,First_437,Last_437,189,customer_437@example.com,2020-07-22
438,First_438,Last_438,381,customer_438@example.com,2022-06-20
439,First_439,Last_439,367,customer_439@example.com,2022-03-24
440,First_440,Last_440,251,customer_440@example.com,2021-12-21
441,First_441,Last_441,220,customer_441@example.com,2020-07-23
442,First_442,Last_442,185,customer_442@example.com,2021-06-21
443,First_443,Last_443,357,customer_443@example.com,2023-04-08
444,First_444,Last_444,342,customer_444@example.com,2020-08-31
445,First_445,Last_445,45,customer_445@example.com,2019-11-14
446,First_446,Last_446,1,customer_446@example.com,2021-08-09
447,First_447,Last_447,499,customer_447@example.com,2019-06-07
448,First_448,Last_448,118,customer_448@example.com,2019-11-21
449,First_449,Last_449,454,customer_449@example.com,2022-08-03
450,First_450,Last_450,333,customer_450@example.com,2019-10-22
451,First_451,Last_451,63,customer_451@example.com,2023-09-15
452,First_452,Last_452,396,customer_452@example.com,2020-12-27
453,First_453,Last_453,26,customer_453@example.com,2023-02-21
454,First_454,Last_454,168,customer_454@example.com,2019-08-27
455,First_455,Last_455,332,customer_455@example.com,2019-07-25
456,First_456,Last_456,158,customer_456@example.com,2019-09-30
457,First_457,Last_457,477,customer_457@example.com,2022-02-15
458,First_458,Last_458,113,customer_458@example.com,2020-02-27
459,First_459,Last_459,132,customer_459@example.com,2019-09-24
460,First_460,Last_460,62,customer_460@example.com,2020-07-26
461,First_461,Last_461,405,customer_461@example.com,2023-06-14
462,First_462,Last_462,364,customer_462@example.com,2019-06-02
463,First_463,Last_463,464,customer_463@example.com,2020-04-27
464,First_464,Last_464,199,customer_464@example.com,2022-10-10
465,First_465,Last_465,431,customer_465@example.com,2021-02-03
466,First_466,Last_466,189,customer_466@example.com,2023-11-21
467,First_467,Last_467,189,customer_467@example.com,2021-04-22
468,First_468,Last_468,406,customer_468@example.com,2020-02-29
469,First_469,Last_469,350,customer_469@example.com,2023-07-23
470,First_470,Last_470,439,customer_470@example.com,2020-03-12
471,First_471,Last_471,433,customer_471@example.com,2023-11-25
472,First_472,Last_472,40,customer_472@example.com,2023-03-25
473,First_473,Last_473,113,customer_473@example.com,2020-02-11
474,First_474,Last_474,139,customer_474@example.com,2021-12-15
475,First_475,Last_475,80,customer_475@example.com,2023-11-07
476,First_476,Last_476,497,customer_476@example.com,2019-07-18
477,First_477,Last_477,232,customer_477@example.com,2021-01-18
478,First_478,Last_478,291,customer_478@example.com,2019-06-07
479,First_479,Last_479,366,customer_479@example.com,2022-03-07
480,First_480,Last_480,315,customer_480@example.com,2023-06-20
481,First_481,Last_481,461,customer_481@example.com,2021-03-30
482,First_482,Last_482,242,customer_482@example.com,2023-03-15
483,First_483,Last_483,444,customer_483@example.com,2021-08-25
484,First_484,Last_484,26,customer_484@example.com,2019-10-27
485,First_485,Last_485,60,customer_485@example.com,2020-04-10
486,First_486,Last_486,349,customer_486@example.com,2023-04-15
487,First_487,Last_487,181,customer_487@example.com,2023-09-10
488,First_488,Last_488,420,customer_488@example.com,2020-02-23
489,First_489,Last_489,153,customer_489@example.com,2023-03-28
490,First_490,Last_490,112,customer_490@example.com,2021-10-28
491,First_491,Last_491,398,customer_491@example.com,2021-11-13
492,First_492,Last_492,208,customer_492@example.com,2019-12-12
493,First_493,Last_493,405,customer_493@example.com,2021-10-07
494,First_494,Last_494,249,customer_494@example.com,2020-05-20
495,First_495,Last_495,101,customer_495@example.com,2019-12-28
496,First_496,Last_496,317,customer_496@example.com,2023-03-03
497,First_497,Last_497,481,customer_497@example.com,2020-08-01
498,First_498,Last_498,17,customer_498@example.com,2023-10-01
499,First_499,Last_499,265,customer_499@example.com,2022-03-27
500,First_500,Last_500,86,customer_500@example.com,2023-09-15
501,First_501,Last_501,85,customer_501@example.com,2022-06-25
502,First_502,Last_502,317,customer_502@example.com,2022-10-23
503,First_503,Last_503,215,customer_503@example.com,2019-07-08
504,First_504,Last_504,114,customer_504@example.com,2021-02-14
505,First_505,Last_505,216,customer_505@example.com,2022-10-14
506,First_506,Last_506,497,customer_506@example.com,2023-05-07
507,First_507,Last_507,375,customer_507@example.com,2019-09-09
508,First_508,Last_508,176,customer_508@example.com,2022-02-23
509,First_509,Last_509,446,customer_509@example.com,2023-11-08
510,First_510,Last_510,399,customer_510@example.com,2021-09-23
511,First_511,Last_511,77,customer_511@example.com,2022-09-30
512,First_512,Last_512,138,customer_512@example.com,2023-08-23
513,First_513,Last_513,158,customer_513@example.com,2020-09-25
514,First_514,Last_514,324,customer_514@example.com,2022-04-13
515,First_515,Last_515,95,customer_515@example.com,2022-08-20
516,First_516,Last_516,156,customer_516@example.com,2022-01-04
517,First_517,Last_517,205,customer_517@example.com,2023-05-15
518,First_518,Last_518,342,customer_518@example.com,2023-09-11
519,First_519,Last_519,77,customer_519@example.com,2021-04-21
520,First_520,Last_520,25,customer_520@example.com,2020-04-16
521,First_521,Last_521,390,customer_521@example.com,2021-09-29
522,First_522,Last_522,394,customer_522@example.com,2023-09-03
523,First_523,Last_523,390,customer_523@example.com,2023-12-17
524,First_524,Last_524,97,customer_524@example.com,2020-07-18
525,First_525,Last_525,229,customer_525@example.com,2020-10-08
526,First_526,Last_526,276,customer_526@example.com,2019-10-27
527,First_527,Last_527,212,customer_527@example.com,2019-08-25
528,First_528,Last_528,485,customer_528@example.com,2023-03-09
529,First_529,Last_529,213,customer_529@example.com,2019-07-11
530,First_530,Last_530,144,customer_530@example.com,2021-05-28
531,First_531,Last_531,279,customer_531@example.com,2021-04-02
532,First_532,Last_532,151,customer_532@example.com,2020-02-15
533,First_533,Last_533,218,customer_533@example.com,2021-06-03
534,First_534,Last_534,463,customer_534@example.com,2021-08-16
535,First_535,Last_535,17,customer_535@example.com,2019-12-07
536,First_536,Last_536,10,customer_536@example.com,2020-10-21
537,First_537,Last_537,64,customer_537@example.com,2022-08-12
538,First_538,Last_538,202,customer_538@example.com,2021-06-05
539,First_539,Last_539,382,customer_539@example.com,2021-08-05
540,First_540,Last_540,14,customer_540@example.com,2019-10-24
541,First_541,Last_541,141,customer_541@example.com,2023-11-16
542,First_542,Last_542,368,customer_542@example.com,2021-03-27
543,First_543,Last_543,11,customer_543@example.com,2020-04-12
544,First_544,Last_544,424,customer_544@example.com,2022-08-04
545,First_545,Last_545,260,customer_545@example.com,2023-05-13
546,First_546,Last_546,337,customer_546@example.com,2020-03-09
547,First_547,Last_547,297,customer_547@example.com,2022-03-21
548,First_548,Last_548,435,customer_548@example.com,2020-11-05
549,First_549,Last_549,357,customer_549@example.com,2021-04-12
550,First_550,Last_550,36,customer_550@example.com,2021-10-16
551,First_551,Last_551,189,customer_551@example.com,2019-05-28
552,First_552,Last_552,366,customer_552@example.com,2023-10-27
553,First_553,Last_553,366,customer_553@example.com,2022-10-21
554,First_554,Last_554,338,customer_554@example.com,2021-06-10
555,First_555,Last_555,269,customer_555@example.com,2023-09-24
556,First_556,Last_556,326,customer_556@example.com,2020-05-30
557,First_557,Last_557,179,customer_557@example.com,2022-10-28
558,First_558,Last_558,478,customer_558@example.com,2023-02-08
559,First_559,Last_559,387,customer_559@example.com,2023-12-12
560,First_560,Last_560,0,customer_560@example.com,2020-09-29
561,First_561,Last_561,322,customer_561@example.com,2020-04-05
562,First_562,Last_562,424,customer_562@example.com,2019-07-26
563,First_563,Last_563,474,customer_563@example.com,2021-08-16
564,First_564,Last_564,241,customer_564@example.com,2020-02-02
565,First_565,Last_565,117,customer_565@example.com,2019-07-12
566,First_566,Last_566,105,customer_566@example.com,2022-08-07
567,First_567,Last_567,110,customer_567@example.com,2020-07-26
568,First_568,Last_568,385,customer_568@example.com,2019-06-08
569,First_569,Last_569,91,customer_569@example.com,2020-02-14
570,First_570,Last_570,64,customer_570@example.com,2020-10-21
571,First_571,Last_571,118,customer_571@example.com,2019-10-01
572,First_572,Last_572,13,customer_572@example.com,2020-10-20
573,First_573,Last_573,14,customer_573@example.com,2020-07-05
574,First_574,Last_574,242,customer_574@example.com,2021-06-03
575,First_575,Last_575,124,customer_575@example.com,2020-06-14
576,First_576,Last_576,104,customer_576@example.com,2023-04-21
577,First_577,Last_577,290,customer_577@example.com,2022-05-25
578,First_578,Last_578,353,customer_578@example.com,2020-08-21
579,First_579,Last_579,32,customer_579@example.com,2020-03-10
580,First_580,Last_580,203,customer_580@example.com,2020-03-04
581,First_581,Last_581,84,customer_581@example.com,2023-03-16
582,First_582,Last_582,301,customer_582@example.com,2022-01-04
583,First_583,Last_583,44,customer_583@example.com,2022-03-30
584,First_584,Last_584,68,customer_584@example.com,2022-07-29
585,First_585,Last_585,402,customer_585@example.com,2022-04-15
586,First_586,Last_586,246,customer_586@example.com,2020-10-04
587,First_587,Last_587,333,customer_587@example.com,2021-08-13
588,First_588,Last_588,283,customer_588@example.com,2023-05-22
589,First_589,Last_589,155,customer_589@example.com,2022-03-07
590,First_590,Last_590,343,customer_590@example.com,2020-05-28
591,First_591,Last_591,178,customer_591@example.com,2022-03-20
592,First_592,Last_592,241,customer_592@example.com,2020-07-26
593,First_593,Last_593,366,customer_593@example.com,2021-02-24
594,First_594,Last_594,361,customer_594@example.com,2021-02-17
595,First_595,Last_595,388,customer_595@example.com,2022-11-05
596,First_596,Last_596,43,customer_596@example.com,2022-12-20
597,First_597,Last_597,405,customer_597@example.com,2019-06-17
598,First_598,Last_598,342,customer_598@example.com,2020-04-18
599,First_599,Last_599,302,customer_599@example.com,2020-05-08
600,First_600,Last_600,139,customer_600@example.com,2019-12-14
601,First_601,Last_601,380,customer_601@example.com,2023-06-16
602,First_602,Last_602,105,customer_602@example.com,2023-06-27
603,First_603,Last_603,300,customer_603@example.com,2022-10-16
604,First_604,Last_604,375,customer_604@example.com,2021-07-07
605,First_605,Last_605,79,customer_605@example.com,2019-06-29
606,First_606,Last_606,445,customer_606@example.com,2022-07-21
607,First_607,Last_607,249,customer_607@example.com,2020-04-13
608,First_608,Last_608,48,customer_608@example.com,2021-02-13
609,First_609,Last_609,410,customer_609@example.com,2023-05-08
610,First_610,Last_610,0,customer_610@example.com,2023-09-27
611,First_611,Last_611,153,customer_611@example.com,2019-05-26
612,First_612,Last_612,92,customer_612@example.com,2020-07-27
613,First_613,Last_613,410,customer_613@example.com,2021-05-22
614,First_614,Last_614,133,customer_614@example.com,2019-06-11
615,First_615,Last_615,493,customer_615@example.com,2020-09-14
616,First_616,Last_616,84,customer_616@example.com,2023-10-08
617,First_617,Last_617,320,customer_617@example.com,2020-09-07
618,First_618,Last_618,35,customer_618@example.com,2023-08-25
619,First_619,Last_619,412,customer_619@example.com,2020-03-14
620,First_620,Last_620,368,customer_620@example.com,2023-07-24
621,First_621,Last_621,334,customer_621@example.com,2021-01-05
622,First_622,Last_622,377,customer_622@example.com,2023-01-15
623,First_623,Last_623,338,customer_623@example.com,2021-07-15
624,First_624,Last_624,338,customer_624@example.com,2020-05-21
625,First_625,Last_625,284,customer_625@example.com,2021-09-11
626,First_626,Last_626,274,customer_626@example.com,2019-06-01
627,First_627,Last_627,77,customer_627@example.com,2020-07-16
628,First_628,Last_628,326,customer_628@example.com,2020-09-12
629,First_629,Last_629,437,customer_629@example.com,2023-12-19
630,First_630,Last_630,20,customer_630@example.com,2021-05-07
631,First_631,Last_631,356,customer_631@example.com,2021-04-28
632,First_632,Last_632,405,customer_632@example.com,2021-09-20
633,First_633,Last_633,109,customer_633@example.com,2023-08-03
634,First_634,Last_634,62,customer_634@example.com,2023-06-29
635,First_635,Last_635,85,customer_635@example.com,2022-01-30
636,First_636,Last_636,99,customer_636@example.com,2023-05-18
637,First_637,Last_637,423,customer_637@example.com,2019-09-28
638,First_638,Last_638,392,customer_638@example.com,2022-03-13
639,First_639,Last_639,351,customer_639@example.com,2020-09-04
640,First_640,Last_640,94,customer_640@example.com,2021-12-23
641,First_641,Last_641,215,customer_641@example.com,2020-05-08
642,First_642,Last_642,246,customer_642@example.com,2022-07-21
643,First_643,Last_643,237,customer_643@example.com,2023-01-29
644,First_644,Last_644,143,customer_644@example.com,2021-07-07
645,First_645,Last_645,443,customer_645@example.com,2023-05-20
646,First_646,Last_646,162,customer_646@example.com,2023-11-27
647,First_647,Last_647,138,customer_647@example.com,2023-07-05
648,First_648,Last_648,441,customer_648@example.com,2023-01-21
649,First_649,Last_649,359,customer_649@example.com,2022-03-05
650,First_650,Last_650,118,customer_650@example.com,2020-03-20
651,First_651,Last_651,20,customer_651@example.com,2022-04-26
652,First_652,Last_652,1,customer_652@example.com,2022-03-06
653,First_653,Last_653,36,customer_653@example.com,2019-06-25
654,First_654,Last_654,287,customer_654@example.com,2021-01-20
655,First_655,Last_655,311,customer_655@example.com,2022-12-05
656,First_656,Last_656,441,customer_656@example.com,2021-12-20
657,First_657,Last_657,111,customer_657@example.com,2022-08-03
658,First_658,Last_658,63,customer_658@example.com,2022-02-13
659,First_659,Last_659,153,customer_659@example.com,2019-08-18
660,First_660,Last_660,126,customer_660@example.com,2020-10-05
661,First_661,Last_661,460,customer_661@example.com,2023-09-18
662,First_662,Last_662,428,customer_662@example.com,2019-06-01
663,First_663,Last_663,278,customer_663@example.com,2021-07-25
664,First_664,Last_664,412,customer_664@example.com,2022-02-01
665,First_665,Last_665,97,customer_665@example.com,2020-05-07
666,First_666,Last_666,310,customer_666@example.com,2021-12-09
667,First_667,Last_667,138,customer_667@example.com,2022-05-31
668,First_668,Last_668,267,customer_668@example.com,2019-10-08
669,First_669,Last_669,395,customer_669@example.com,2019-05-30
670,First_670,Last_670,47,customer_670@example.com,2023-05-04
671,First_671,Last_671,90,customer_671@example.com,2021-09-21
672,First_672,Last_672,194,customer_672@example.com,2022-09-24
673,First_673,Last_673,138,customer_673@example.com,2021-09-05
674,First_674,Last_674,204,customer_674@example.com,2022-12-11
675,First_675,Last_675,487,customer_675@example.com,2019-12-29
676,First_676,Last_676,373,customer_676@example.com,2021-11-11
677,First_677,Last_677,405,customer_677@example.com,2020-06-23
678,First_678,Last_678,395,customer_678@example.com,2020-02-11
679,First_679,Last_679,122,customer_679@example.com,2022-11-25
680,First_680,Last_680,241,customer_680@example.com,2020-11-03
681,First_681,Last_681,411,customer_681@example.com,2022-09-17
682,First_682,Last_682,309,customer_682@example.com,2020-02-08
683,First_683,Last_683,350,customer_683@example.com,2021-03-17
684,First_684,Last_684,120,customer_684@example.com,2023-05-27
685,First_685,Last_685,89,customer_685@example.com,2021-11-29
686,First_686,Last_686,180,customer_686@example.com,2022-03-17
687,First_687,Last_687,75,customer_687@example.com,2023-11-10
688,First_688,Last_688,85,customer_688@example.com,2023-09-09
689,First_689,Last_689,129,customer_689@example.com,2019-12-31
690,First_690,Last_690,103,customer_690@example.com,2019-05-15
691,First_691,Last_691,57,customer_691@example.com,2021-09-21
692,First_692,Last_692,92,customer_692@example.com,2020-10-24
693,First_693,Last_693,287,customer_693@example.com,2023-10-31
694,First_694,Last_694,419,customer_694@example.com,2023-06-07
695,First_695,Last_695,491,customer_695@example.com,2022-08-05
696,First_696,Last_696,340,customer_696@example.com,2022-06-20
697,First_697,Last_697,458,customer_697@example.com,2020-06-29
698,First_698,Last_698,339,customer_698@example.com,2023-07-10
699,First_699,Last_699,410,customer_699@example.com,2019-08-22
700,First_700,Last_700,337,customer_700@example.com,2023-12-19
701,First_701,Last_701,441,customer_701@example.com,2020-09-07
702,First_702,Last_702,206,customer_702@example.com,2021-08-27
703,First_703,Last_703,100,customer_703@example.com,2021-12-19
704,First_704,Last_704,356,customer_704@example.com,2019-07-25
705,First_705,Last_705,271,customer_705@example.com,2019-10-22
706,First_706,Last_706,192,customer_706@example.com,2022-06-29
707,First_707,Last_707,316,customer_707@example.com,2023-09-03
708,First_708,Last_708,182,customer_708@example.com,2021-12-29
709,First_709,Last_709,25,customer_709@example.com,2023-03-14
710,First_710,Last_710,214,customer_710@example.com,2021-01-12
711,First_711,Last_711,361,customer_711@example.com,2020-12-07
712,First_712,Last_712,498,customer_712@example.com,2021-04-02
713,First_713,Last_713,135,customer_713@example.com,2020-11-22
714,First_714,Last_714,111,customer_714@example.com,2020-03-30
715,First_715,Last_715,25,customer_715@example.com,2020-12-13
716,First_716,Last_716,354,customer_716@example.com,2020-12-17
717,First_717,Last_717,56,customer_717@example.com,2022-10-22
718,First_718,Last_718,177,customer_718@example.com,2023-04-28
719,First_719,Last_719,4,customer_719@example.com,2023-05-15
720,First_720,Last_720,171,customer_720@example.com,2022-03-01
721,First_721,Last_721,500,customer_721@example.com,2021-12-22
722,First_722,Last_722,173,customer_722@example.com,2021-05-31
723,First_723,Last_723,120,customer_723@example.com,2020-01-23
724,First_724,Last_724,469,customer_724@example.com,2023-01-21
725,First_725,Last_725,93,customer_725@example.com,2019-07-06
726,First_726,Last_726,134,customer_726@example.com,2022-02-17
727,First_727,Last_727,11,customer_727@example.com,2022-04-18
728,First_728,Last_728,411,customer_728@example.com,2019-09-29
729,First_729,Last_729,92,customer_729@example.com,2023-09-07
730,First_730,Last_730,261,customer_730@example.com,2020-11-13
731,First_731,Last_731,193,customer_731@example.com,2022-11-18
732,First_732,Last_732,78,customer_732@example.com,2020-01-11
733,First_733,Last_733,426,customer_733@example.com,2024-01-05
734,First_734,Last_734,111,customer_734@example.com,2020-11-10
735,First_735,Last_735,356,customer_735@example.com,2021-02-07
736,First_736,Last_736,367,customer_736@example.com,2019-10-19
737,First_737,Last_737,334,customer_737@example.com,2021-05-15
738,First_738,Last_738,81,customer_738@example.com,2023-08-22
739,First_739,Last_739,14,customer_739@example.com,2019-06-08
740,First_740,Last_740,424,customer_740@example.com,2020-02-18
741,First_741,Last_741,294,customer_741@example.com,2021-07-05
742,First_742,Last_742,203,customer_742@example.com,2020-11-30
743,First_743,Last_743,91,customer_743@example.com,2021-02-07
744,First_744,Last_744,99,customer_744@example.com,2023-09-07
745,First_745,Last_745,27,customer_745@example.com,2022-07-17
746,First_746,Last_746,306,customer_746@example.com,2019-08-20
747,First_747,Last_747,126,customer_747@example.com,2021-09-08
748,First_748,Last_748,464,customer_748@example.com,2020-03-27
749,First_749,Last_749,128,customer_749@example.com,2022-11-26
750,First_750,Last_750,44,customer_750@example.com,2020-07-15
751,First_751,Last_751,329,customer_751@example.com,2021-06-29
752,First_752,Last_752,455,customer_752@example.com,2020-12-09
753,First_753,Last_753,151,customer_753@example.com,2020-01-30
754,First_754,Last_754,81,customer_754@example.com,2020-09-25
755,First_755,Last_755,426,customer_755@example.com,2020-02-07
756,First_756,Last_756,91,customer_756@example.com,2021-09-27
757,First_757,Last_757,403,customer_757@example.com,2020-11-10
758,First_758,Last_758,365,customer_758@example.com,2022-07-17
759,First_759,Last_759,314,customer_759@example.com,2020-02-16
760,First_760,Last_760,335,customer_760@example.com,2020-07-03
761,First_761,Last_761,239,customer_761@example.com,2022-08-12
762,First_762,Last_762,272,customer_762@example.com,2019-05-14
763,First_763,Last_763,199,customer_763@example.com,2021-05-30
764,First_764,Last_764,377,customer_764@example.com,2021-06-25
765,First_765,Last_765,324,customer_765@example.com,2020-05-22
766,First_766,Last_766,41,customer_766@example.com,2020-11-29
767,First_767,Last_767,379,customer_767@example.com,2020-07-12
768,First_768,Last_768,397,customer_768@example.com,2021-07-18
769,First_769,Last_769,101,customer_769@example.com,2019-05-29
770,First_770,Last_770,28,customer_770@example.com,2021-04-17
771,First_771,Last_771,65,customer_771@example.com,2023-08-20
772,First_772,Last_772,419,customer_772@example.com,2023-05-08
773,First_773,Last_773,236,customer_773@example.com,2019-05-30
774,First_774,Last_774,92,customer_774@example.com,2022-09-07
775,First_775,Last_775,351,customer_775@example.com,2022-10-26
776,First_776,Last_776,272,customer_776@example.com,2019-09-22
777,First_777,Last_777,215,customer_777@example.com,2021-03-25
778,First_778,Last_778,445,customer_778@example.com,2023-02-26
779,First_779,Last_779,336,customer_779@example.com,2022-06-09
780,First_780,Last_780,262,customer_780@example.com,2021-09-25
781,First_781,Last_781,347,customer_781@example.com,2022-11-22
782,First_782,Last_782,440,customer_782@example.com,2022-02-16
783,First_783,Last_783,441,customer_783@example.com,2021-04-25
784,First_784,Last_784,424,customer_784@example.com,2020-11-28
785,First_785,Last_785,493,customer_785@example.com,2020-03-08
786,First_786,Last_786,407,customer_786@example.com,2020-05-31
787,First_787,Last_787,132,customer_787@example.com,2022-01-18
788,First_788,Last_788,249,customer_788@example.com,2019-10-25
789,First_789,Last_789,153,customer_789@example.com,2020-02-07
790,First_790,Last_790,14,customer_790@example.com,2023-09-07
791,First_791,Last_791,166,customer_791@example.com,2021-09-23
792,First_792,Last_792,427,customer_792@example.com,2023-06-18
793,First_793,Last_793,167,customer_793@example.com,2023-11-08
794,First_794,Last_794,334,customer_794@example.com,2019-08-21
795,First_795,Last_795,235,customer_795@example.com,2020-01-10
796,First_796,Last_796,34,customer_796@example.com,2019-06-20
797,First_797,Last_797,126,customer_797@example.com,2019-09-17
798,First_798,Last_798,21,customer_798@example.com,2022-05-21
799,First_799,Last_799,108,customer_799@example.com,2021-01-07
800,First_800,Last_800,262,customer_800@example.com,2021-05-27
801,First_801,Last_801,261,customer_801@example.com,2020-02-15
802,First_802,Last_802,491,customer_802@example.com,2021-09-12
803,First_803,Last_803,84,customer_803@example.com,2023-03-07
804,First_804,Last_804,378,customer_804@example.com,2022-08-04
805,First_805,Last_805,316,customer_805@example.com,2019-06-02
806,First_806,Last_806,301,customer_806@example.com,2019-07-16
807,First_807,Last_807,367,customer_807@example.com,2022-06-02
808,First_808,Last_808,303,customer_808@example.com,2020-05-16
809,First_809,Last_809,119,customer_809@example.com,2022-10-03
810,First_810,Last_810,95,customer_810@example.com,2022-06-23
811,First_811,Last_811,336,customer_811@example.com,2021-05-06
812,First_812,Last_812,285,customer_812@example.com,2019-09-22
813,First_813,Last_813,67,customer_813@example.com,2019-05-22
814,First_814,Last_814,63,customer_814@example.com,2019-06-28
815,First_815,Last_815,386,customer_815@example.com,2022-08-27
816,First_816,Last_816,452,customer_816@example.com,2020-01-13
817,First_817,Last_817,56,customer_817@example.com,2022-10-19
818,First_818,Last_818,139,customer_818@example.com,2020-01-14
819,First_819,Last_819,458,customer_819@example.com,2021-07-05
820,First_820,Last_820,310,customer_820@example.com,2021-08-25
821,First_821,Last_821,11,customer_821@example.com,2023-07-28
822,First_822,Last_822,88,customer_822@example.com,2023-11-24
823,First_823,Last_823,377,customer_823@example.com,2023-07-20
824,First_824,Last_824,375,customer_824@example.com,2019-07-11
825,First_825,Last_825,395,customer_825@example.com,2020-06-15
826,First_826,Last_826,348,customer_826@example.com,2021-04-27
827,First_827,Last_827,241,customer_827@example.com,2019-10-14
828,First_828,Last_828,114,customer_828@example.com,2023-05-30
829,First_829,Last_829,500,customer_829@example.com,2022-03-25
830,First_830,Last_830,40,customer_830@example.com,2023-08-08
831,First_831,Last_831,41,customer_831@example.com,2022-09-05
832,First_832,Last_832,414,customer_832@example.com,2020-08-01
833,First_833,Last_833,117,customer_833@example.com,2020-04-11
834,First_834,Last_834,450,customer_834@example.com,2023-04-08
835,First_835,Last_835,43,customer_835@example.com,2022-09-13
836,First_836,Last_836,205,customer_836@example.com,2022-11-20
837,First_837,Last_837,150,customer_837@example.com,2020-02-01
838,First_838,Last_838,213,customer_838@example.com,2023-10-24
839,First_839,Last_839,299,customer_839@example.com,2019-05-30
840,First_840,Last_840,302,customer_840@example.com,2020-12-19
841,First_841,Last_841,67,customer_841@example.com,2020-11-26
842,First_842,Last_842,36,customer_842@example.com,2019-09-22
843,First_843,Last_843,412,customer_843@example.com,2019-09-25
844,First_844,Last_844,399,customer_844@example.com,2023-10-20
845,First_845,Last_845,125,customer_845@example.com,2019-08-29
846,First_846,Last_846,367,customer_846@example.com,2023-07-12
847,First_847,Last_847,236,customer_847@example.com,2022-04-26
848,First_848,Last_848,142,customer_848@example.com,2022-03-08
849,First_849,Last_849,49,customer_849@example.com,2024-01-07
850,First_850,Last_850,313,customer_850@example.com,2020-07-06
851,First_851,Last_851,282,customer_851@example.com,2023-06-23
852,First_852,Last_852,338,customer_852@example.com,2021-01-25
853,First_853,Last_853,317,customer_853@example.com,2020-07-05
854,First_854,Last_854,157,customer_854@example.com,2021-10-14
855,First_855,Last_855,166,customer_855@example.com,2022-08-07
856,First_856,Last_856,464,customer_856@example.com,2023-03-28
857,First_857,Last_857,195,customer_857@example.com,2020-01-22
858,First_858,Last_858,189,customer_858@example.com,2023-04-27
859,First_859,Last_859,212,customer_859@example.com,2020-01-30
860,First_860,Last_860,121,customer_860@example.com,2022-08-28
861,First_861,Last_861,327,customer_861@example.com,2020-07-05
862,First_862,Last_862,53,customer_862@example.com,2020-07-29
863,First_863,Last_863,462,customer_863@example.com,2019-08-30
864,First_864,Last_864,104,customer_864@example.com,2022-01-06
865,First_865,Last_865,433,customer_865@example.com,2022-03-10
866,First_866,Last_866,170,customer_866@example.com,2020-04-24
867,First_867,Last_867,262,customer_867@example.com,2022-06-06
868,First_868,Last_868,150,customer_868@example.com,2023-12-11
869,First_869,Last_869,175,customer_869@example.com,2023-04-17
870,First_870,Last_870,267,customer_870@example.com,2022-09-07
871,First_871,Last_871,318,customer_871@example.com,2023-05-25
872,First_872,Last_872,151,customer_872@example.com,2023-11-10
873,First_873,Last_873,189,customer_873@example.com,2021-08-25
874,First_874,Last_874,362,customer_874@example.com,2022-06-02
875,First_875,Last_875,456,customer_875@example.com,2020-08-22
876,First_876,Last_876,160,customer_876@example.com,2022-12-15
877,First_877,Last_877,378,customer_877@example.com,2023-05-09
878,First_878,Last_878,377,customer_878@example.com,2022-03-09
879,First_879,Last_879,253,customer_879@example.com,2020-11-19
880,First_880,Last_880,29,customer_880@example.com,2020-07-18
881,First_881,Last_881,327,customer_881@example.com,2023-05-26
882,First_882,Last_882,41,customer_882@example.com,2023-05-04
883,First_883,Last_883,254,customer_883@example.com,2023-12-06
884,First_884,Last_884,147,customer_884@example.com,2023-12-23
885,First_885,Last_885,75,customer_885@example.com,2022-11-20
886,First_886,Last_886,59,customer_886@example.com,2023-03-30
887,First_887,Last_887,498,customer_887@example.com,2022-09-11
888,First_888,Last_888,441,customer_888@example.com,2022-05-28
889,First_889,Last_889,46,customer_889@example.com,2019-11-14
890,First_890,Last_890,196,customer_890@example.com,2019-11-19
891,First_891,Last_891,235,customer_891@example.com,2020-12-23
892,First_892,Last_892,428,customer_892@example.com,2022-02-21
893,First_893,Last_893,265,customer_893@example.com,2020-09-09
894,First_894,Last_894,176,customer_894@example.com,2023-07-15
895,First_895,Last_895,353,customer_895@example.com,2023-03-06
896,First_896,Last_896,124,customer_896@example.com,2023-09-29
897,First_897,Last_897,104,customer_897@example.com,2019-06-01
898,First_898,Last_898,484,customer_898@example.com,2023-06-21
899,First_899,Last_899,169,customer_899@example.com,2020-11-19
900,First_900,Last_900,9,customer_900@example.com,2022-01-20
901,First_901,Last_901,138,customer_901@example.com,2019-07-16
902,First_902,Last_902,52,customer_902@example.com,2021-04-30
903,First_903,Last_903,1,customer_903@example.com,2021-09-24
904,First_904,Last_904,90,customer_904@example.com,2019-06-18
905,First_905,Last_905,185,customer_905@example.com,2019-11-17
906,First_906,Last_906,346,customer_906@example.com,2022-06-30
907,First_907,Last_907,165,customer_907@example.com,2021-12-13
908,First_908,Last_908,18,customer_908@example.com,2021-06-19
909,First_909,Last_909,182,customer_909@example.com,2023-06-17
910,First_910,Last_910,358,customer_910@example.com,2022-11-15
911,First_911,Last_911,415,customer_911@example.com,2019-08-31
912,First_912,Last_912,301,customer_912@example.com,2023-12-04
913,First_913,Last_913,9,customer_913@example.com,2022-06-24
914,First_914,Last_914,60,customer_914@example.com,2021-11-24
915,First_915,Last_915,444,customer_915@example.com,2021-11-20
916,First_916,Last_916,447,customer_916@example.com,2022-12-17
917,First_917,Last_917,237,customer_917@example.com,2020-06-09
918,First_918,Last_918,169,customer_918@example.com,2020-11-25
919,First_919,Last_919,278,customer_919@example.com,2021-05-18
920,First_920,Last_920,139,customer_920@example.com,2020-08-18
921,First_921,Last_921,431,customer_921@example.com,2021-02-22
922,First_922,Last_922,164,customer_922@example.com,2023-11-17
923,First_923,Last_923,266,customer_923@example.com,2022-11-21
924,First_924,Last_924,94,customer_924@example.com,2019-06-09
925,First_925,Last_925,406,customer_925@example.com,2023-01-17
926,First_926,Last_926,418,customer_926@example.com,2022-10-13
927,First_927,Last_927,294,customer_927@example.com,2021-03-06
928,First_928,Last_928,264,customer_928@example.com,2022-02-04
929,First_929,Last_929,418,customer_929@example.com,2021-06-16
930,First_930,Last_930,193,customer_930@example.com,2021-02-03
931,First_931,Last_931,71,customer_931@example.com,2021-02-14
932,First_932,Last_932,272,customer_932@example.com,2023-01-10
933,First_933,Last_933,108,customer_933@example.com,2020-01-29
934,First_934,Last_934,448,customer_934@example.com,2022-04-07
935,First_935,Last_935,197,customer_935@example.com,2021-08-27
936,First_936,Last_936,295,customer_936@example.com,2021-03-11
937,First_937,Last_937,430,customer_937@example.com,2021-07-29
938,First_938,Last_938,199,customer_938@example.com,2022-12-04
939,First_939,Last_939,234,customer_939@example.com,2023-08-10
940,First_940,Last_940,7,customer_940@example.com,2023-03-17
941,First_941,Last_941,1,customer_941@example.com,2022-10-05
942,First_942,Last_942,111,customer_942@example.com,2021-09-14
943,First_943,Last_943,244,customer_943@example.com,2023-07-30
944,First_944,Last_944,140,customer_944@example.com,2021-08-14
945,First_945,Last_945,222,customer_945@example.com,2023-07-14
946,First_946,Last_946,196,customer_946@example.com,2022-07-31
947,First_947,Last_947,31,customer_947@example.com,2021-04-21
948,First_948,Last_948,51,customer_948@example.com,2020-09-20
949,First_949,Last_949,189,customer_949@example.com,2022-04-10
950,First_950,Last_950,107,customer_950@example.com,2021-02-28
951,First_951,Last_951,294,customer_951@example.com,2022-06-17
952,First_952,Last_952,214,customer_952@example.com,2023-04-30
953,First_953,Last_953,164,customer_953@example.com,2022-01-11
954,First_954,Last_954,334,customer_954@example.com,2023-10-26
955,First_955,Last_955,94,customer_955@example.com,2022-09-30
956,First_956,Last_956,475,customer_956@example.com,2021-06-09
957,First_957,Last_957,375,customer_957@example.com,2023-07-17
958,First_958,Last_958,493,customer_958@example.com,2019-08-13
959,First_959,Last_959,241,customer_959@example.com,2022-08-15
960,First_960,Last_960,457,customer_960@example.com,2020-01-30
961,First_961,Last_961,499,customer_961@example.com,2022-03-12
962,First_962,Last_962,448,customer_962@example.com,2022-06-21
963,First_963,Last_963,417,customer_963@example.com,2022-02-13
964,First_964,Last_964,380,customer_964@example.com,2022-12-02
965,First_965,Last_965,253,customer_965@example.com,2020-12-09
966,First_966,Last_966,84,customer_966@example.com,2022-11-05
967,First_967,Last_967,306,customer_967@example.com,2023-05-28
968,First_968,Last_968,191,customer_968@example.com,2019-10-16
969,First_969,Last_969,25,customer_969@example.com,2019-12-09
970,First_970,Last_970,78,customer_970@example.com,2022-03-27
971,First_971,Last_971,257,customer_971@example.com,2023-06-10
972,First_972,Last_972,88,customer_972@example.com,2020-05-25
973,First_973,Last_973,395,customer_973@example.com,2019-07-09
974,First_974,Last_974,188,customer_974@example.com,2023-05-22
975,First_975,Last_975,207,customer_975@example.com,2023-12-26
976,First_976,Last_976,64,customer_976@example.com,2023-09-23
977,First_977,Last_977,122,customer_977@example.com,2022-03-19
978,First_978,Last_978,447,customer_978@example.com,2019-06-13
979,First_979,Last_979,263,customer_979@example.com,2019-09-30
980,First_980,Last_980,175,customer_980@example.com,2022-03-11
981,First_981,Last_981,214,customer_981@example.com,2020-02-21
982,First_982,Last_982,4,customer_982@example.com,2022-09-16
983,First_983,Last_983,483,customer_983@example.com,2022-03-20
984,First_984,Last_984,229,customer_984@example.com,2023-04-21
985,First_985,Last_985,4,customer_985@example.com,2020-05-27
986,First_986,Last_986,352,customer_986@example.com,2022-04-22
987,First_987,Last_987,176,customer_987@example.com,2021-08-02
988,First_988,Last_988,93,customer_988@example.com,2019-09-08
989,First_989,Last_989,412,customer_989@example.com,2021-12-18
990,First_990,Last_990,107,customer_990@example.com,2022-11-30
991,First_991,Last_991,391,customer_991@example.com,2022-03-07
992,First_992,Last_992,436,customer_992@example.com,2021-03-15
993,First_993,Last_993,205,customer_993@example.com,2021-01-30
994,First_994,Last_994,459,customer_994@example.com,2022-10-23
995,First_995,Last_995,216,customer_995@example.com,2023-02-02
996,First_996,Last_996,0,customer_996@example.com,2020-06-22
997,First_997,Last_997,208,customer_997@example.com,2020-05-27
998,First_998,Last_998,252,customer_998@example.com,2020-11-28
999,First_999,Last_999,236,customer_999@example.com,2020-01-20
1000,First_1000,Last_1000,355,customer_1000@example.com,2022-08-10
1001,First_1001,Last_1001,221,customer_1001@example.com,2021-03-23
1002,First_1002,Last_1002,88,customer_1002@example.com,2020-05-29
1003,First_1003,Last_1003,365,customer_1003@example.com,2022-02-18
1004,First_1004,Last_1004,341,customer_1004@example.com,2019-10-04
1005,First_1005,Last_1005,125,customer_1005@example.com,2020-10-09
1006,First_1006,Last_1006,450,customer_1006@example.com,2023-02-24
1007,First_1007,Last_1007,339,customer_1007@example.com,2022-09-19
1008,First_1008,Last_1008,41,customer_1008@example.com,2019-10-16
1009,First_1009,Last_1009,431,customer_1009@example.com,2020-04-22
1010,First_1010,Last_1010,309,customer_1010@example.com,2021-07-29
1011,First_1011,Last_1011,363,customer_1011@example.com,2021-08-17
1012,First_1012,Last_1012,345,customer_1012@example.com,2020-02-22
1013,First_1013,Last_1013,73,customer_1013@example.com,2021-04-06
1014,First_1014,Last_1014,396,customer_1014@example.com,2021-03-05
1015,First_1015,Last_1015,115,customer_1015@example.com,2023-06-12
1016,First_1016,Last_1016,414,customer_1016@example.com,2022-12-23
1017,First_1017,Last_1017,70,customer_1017@example.com,2019-09-21
1018,First_1018,Last_1018,264,customer_1018@example.com,2023-05-10
1019,First_1019,Last_1019,42,customer_1019@example.com,2020-10-26
1020,First_1020,Last_1020,177,customer_1020@example.com,2021-02-09
1021,First_1021,Last_1021,493,customer_1021@example.com,2022-07-12
1022,First_1022,Last_1022,287,customer_1022@example.com,2020-06-18
1023,First_1023,Last_1023,66,customer_1023@example.com,2023-06-25
1024,First_1024,Last_1024,115,customer_1024@example.com,2019-09-16
1025,First_1025,Last_1025,374,customer_1025@example.com,2023-04-21
1026,First_1026,Last_1026,310,customer_1026@example.com,2019-12-09
1027,First_1027,Last_1027,119,customer_1027@example.com,2023-03-19
1028,First_1028,Last_1028,253,customer_1028@example.com,2019-11-11
1029,First_1029,Last_1029,416,customer_1029@example.com,2019-08-09
1030,First_1030,Last_1030,160,customer_1030@example.com,2023-02-28
1031,First_1031,Last_1031,359,customer_1031@example.com,2023-04-08
1032,First_1032,Last_1032,246,customer_1032@example.com,2021-04-15
1033,First_1033,Last_1033,484,customer_1033@example.com,2022-04-28
1034,First_1034,Last_1034,162,customer_1034@example.com,2020-08-17
1035,First_1035,Last_1035,143,customer_1035@example.com,2020-05-17
1036,First_1036,Last_1036,2,customer_1036@example.com,2020-07-29
1037,First_1037,Last_1037,99,customer_1037@example.com,2022-12-20
1038,First_1038,Last_1038,73,customer_1038@example.com,2019-10-18
1039,First_1039,Last_1039,491,customer_1039@example.com,2023-01-29
1040,First_1040,Last_1040,384,customer_1040@example.com,2022-03-15
1041,First_1041,Last_1041,349,customer_1041@example.com,2021-04-23
1042,First_1042,Last_1042,272,customer_1042@example.com,2021-12-18
1043,First_1043,Last_1043,279,customer_1043@example.com,2019-10-15
1044,First_1044,Last_1044,267,customer_1044@example.com,2021-02-20
1045,First_1045,Last_1045,450,customer_1045@example.com,2023-10-12
1046,First_1046,Last_1046,241,customer_1046@example.com,2021-09-12
1047,First_1047,Last_1047,7,customer_1047@example.com,2022-04-09
1048,First_1048,Last_1048,390,customer_1048@example.com,2021-01-19
1049,First_1049,Last_1049,184,customer_1049@example.com,2022-10-31
1050,First_1050,Last_1050,347,customer_1050@example.com,2021-09-23
1051,First_1051,Last_1051,431,customer_1051@example.com,2020-06-23
1052,First_1052,Last_1052,298,customer_1052@example.com,2019-10-25
1053,First_1053,Last_1053,10,customer_1053@example.com,2020-05-24
1054,First_1054,Last_1054,48,customer_1054@example.com,2021-04-12
1055,First_1055,Last_1055,404,customer_1055@example.com,2022-10-04
1056,First_1056,Last_1056,448,customer_1056@example.com,2020-10-09
1057,First_1057,Last_1057,397,customer_1057@example.com,2021-07-30
1058,First_1058,Last_1058,466,customer_1058@example.com,2022-12-05
1059,First_1059,Last_1059,13,customer_1059@example.com,2019-11-01
1060,First_1060,Last_1060,210,customer_1060@example.com,2020-04-22
1061,First_1061,Last_1061,361,customer_1061@example.com,2019-09-20
1062,First_1062,Last_1062,278,customer_1062@example.com,2023-02-24
1063,First_1063,Last_1063,30,customer_1063@example.com,2022-01-19
1064,First_1064,Last_1064,358,customer_1064@example.com,2019-08-13
1065,First_1065,Last_1065,108,customer_1065@example.com,2022-03-21
1066,First_1066,Last_1066,373,customer_1066@example.com,2020-03-10
1067,First_1067,Last_1067,470,customer_1067@example.com,2021-07-24
1068,First_1068,Last_1068,11,customer_1068@example.com,2019-06-30
1069,First_1069,Last_1069,52,customer_1069@example.com,2022-01-02
1070,First_1070,Last_1070,41,customer_1070@example.com,2023-06-18
1071,First_1071,Last_1071,481,customer_1071@example.com,2022-05-27
1072,First_1072,Last_1072,190,customer_1072@example.com,2021-01-21
1073,First_1073,Last_1073,145,customer_1073@example.com,2022-09-20
1074,First_1074,Last_1074,340,customer_1074@example.com,2023-04-03
1075,First_1075,Last_1075,149,customer_1075@example.com,2022-12-19
1076,First_1076,Last_1076,332,customer_1076@example.com,2023-02-07
1077,First_1077,Last_1077,50,customer_1077@example.com,2021-10-22
1078,First_1078,Last_1078,319,customer_1078@example.com,2020-09-24
1079,First_1079,Last_1079,265,customer_1079@example.com,2019-08-29
1080,First_1080,Last_1080,0,customer_1080@example.com,2022-02-28
1081,First_1081,Last_1081,22,customer_1081@example.com,2023-05-03
1082,First_1082,Last_1082,45,customer_1082@example.com,2021-03-13
1083,First_1083,Last_1083,333,customer_1083@example.com,2020-05-26
1084,First_1084,Last_1084,48,customer_1084@example.com,2023-12-09
1085,First_1085,Last_1085,227,customer_1085@example.com,2023-03-23
1086,First_1086,Last_1086,398,customer_1086@example.com,2023-12-07
1087,First_1087,Last_1087,423,customer_1087@example.com,2023-06-21
1088,First_1088,Last_1088,45,customer_1088@example.com,2020-05-03
1089,First_1089,Last_1089,347,customer_1089@example.com,2021-02-20
1090,First_1090,Last_1090,74,customer_1090@example.com,2023-04-21
1091,First_1091,Last_1091,47,customer_1091@example.com,2020-06-11
1092,First_1092,Last_1092,392,customer_1092@example.com,2020-11-08
1093,First_1093,Last_1093,351,customer_1093@example.com,2022-05-06
1094,First_1094,Last_1094,318,customer_1094@example.com,2022-06-26
1095,First_1095,Last_1095,192,customer_1095@example.com,2022-02-26
1096,First_1096,Last_1096,381,customer_1096@example.com,2022-07-05
1097,First_1097,Last_1097,343,customer_1097@example.com,2020-04-20
1098,First_1098,Last_1098,261,customer_1098@example.com,2022-11-18
1099,First_1099,Last_1099,495,customer_1099@example.com,2022-11-20
1100,First_1100,Last_1100,201,customer_1100@example.com,2020-03-09
1101,First_1101,Last_1101,453,customer_1101@example.com,2020-01-22
1102,First_1102,Last_1102,443,customer_1102@example.com,2020-03-22
1103,First_1103,Last_1103,99,customer_1103@example.com,2021-10-09
1104,First_1104,Last_1104,37,customer_1104@example.com,2023-02-17
1105,First_1105,Last_1105,157,customer_1105@example.com,2022-02-24
1106,First_1106,Last_1106,150,customer_1106@example.com,2022-01-12
1107,First_1107,Last_1107,231,customer_1107@example.com,2021-11-09
1108,First_1108,Last_1108,370,customer_1108@example.com,2022-11-02
1109,First_1109,Last_1109,271,customer_1109@example.com,2022-08-19
1110,First_1110,Last_1110,229,customer_1110@example.com,2023-01-31
1111,First_1111,Last_1111,433,customer_1111@example.com,2023-04-16
1112,First_1112,Last_1112,436,customer_1112@example.com,2020-07-20
1113,First_1113,Last_1113,203,customer_1113@example.com,2021-01-26
1114,First_1114,Last_1114,372,customer_1114@example.com,2023-02-07
1115,First_1115,Last_1115,259,customer_1115@example.com,2020-02-15
1116,First_1116,Last_1116,158,customer_1116@example.com,2020-09-26
1117,First_1117,Last_1117,255,customer_1117@example.com,2023-10-12
1118,First_1118,Last_1118,166,customer_1118@example.com,2019-06-01
1119,First_1119,Last_1119,192,customer_1119@example.com,2021-10-06
1120,First_1120,Last_1120,244,customer_1120@example.com,2021-10-10
1121,First_1121,Last_1121,150,customer_1121@example.com,2023-11-02
1122,First_1122,Last_1122,37,customer_1122@example.com,2020-02-25
1123,First_1123,Last_1123,378,customer_1123@example.com,2022-04-08
1124,First_1124,Last_1124,186,customer_1124@example.com,2020-10-26
1125,First_1125,Last_1125,226,customer_1125@example.com,2021-04-03
1126,First_1126,Last_1126,121,customer_1126@example.com,2020-08-01
1127,First_1127,Last_1127,377,customer_1127@example.com,2023-05-21
1128,First_1128,Last_1128,339,customer_1128@example.com,2023-04-03
1129,First_1129,Last_1129,474,customer_1129@example.com,2023-10-09
1130,First_1130,Last_1130,282,customer_1130@example.com,2022-03-24
1131,First_1131,Last_1131,170,customer_1131@example.com,2021-08-01
1132,First_1132,Last_1132,28,customer_1132@example.com,2022-07-23
1133,First_1133,Last_1133,258,customer_1133@example.com,2022-03-19
1134,First_1134,Last_1134,124,customer_1134@example.com,2023-08-06
1135,First_1135,Last_1135,124,customer_1135@example.com,2020-06-25
1136,First_1136,Last_1136,25,customer_1136@example.com,2022-02-25
1137,First_1137,Last_1137,240,customer_1137@example.com,2022-11-17
1138,First_1138,Last_1138,378,customer_1138@example.com,2023-09-04
1139,First_1139,Last_1139,63,customer_1139@example.com,2022-02-08
1140,First_1140,Last_1140,426,customer_1140@example.com,2020-05-05
1141,First_1141,Last_1141,258,customer_1141@example.com,2021-06-20
1142,First_1142,Last_1142,121,customer_1142@example.com,2023-09-22
1143,First_1143,Last_1143,220,customer_1143@example.com,2023-09-19
1144,First_1144,Last_1144,401,customer_1144@example.com,2021-08-17
1145,First_1145,Last_1145,173,customer_1145@example.com,2023-06-25
1146,First_1146,Last_1146,196,customer_1146@example.com,2022-07-09
1147,First_1147,Last_1147,274,customer_1147@example.com,2023-05-17
1148,First_1148,Last_1148,395,customer_1148@example.com,2021-05-03
1149,First_1149,Last_1149,253,customer_1149@example.com,2019-12-14
1150,First_1150,Last_1150,232,customer_1150@example.com,2019-11-08
1151,First_1151,Last_1151,392,customer_1151@example.com,2021-01-03
1152,First_1152,Last_1152,187,customer_1152@example.com,2022-09-01
1153,First_1153,Last_1153,196,customer_1153@example.com,2019-08-06
1154,First_1154,Last_1154,101,customer_1154@example.com,2022-05-09
1155,First_1155,Last_1155,356,customer_1155@example.com,2020-05-02
1156,First_1156,Last_1156,492,customer_1156@example.com,2022-09-22
1157,First_1157,Last_1157,87,customer_1157@example.com,2020-10-27
1158,First_1158,Last_1158,45,customer_1158@example.com,2022-07-11
1159,First_1159,Last_1159,355,customer_1159@example.com,2022-06-22
1160,First_1160,Last_1160,171,customer_1160@example.com,2020-11-11
1161,First_1161,Last_1161,69,customer_1161@example.com,2021-09-08
1162,First_1162,Last_1162,227,customer_1162@example.com,2023-10-07
1163,First_1163,Last_1163,437,customer_1163@example.com,2021-01-19
1164,First_1164,Last_1164,221,customer_1164@example.com,2019-07-10
1165,First_1165,Last_1165,372,customer_1165@example.com,2023-03-01
1166,First_1166,Last_1166,416,customer_1166@example.com,2021-07-26
1167,First_1167,Last_1167,109,customer_1167@example.com,2021-09-14
1168,First_1168,Last_1168,322,customer_1168@example.com,2019-11-05
1169,First_1169,Last_1169,313,customer_1169@example.com,2022-09-14
1170,First_1170,Last_1170,55,customer_1170@example.com,2022-12-30
1171,First_1171,Last_1171,336,customer_1171@example.com,2022-07-08
1172,First_1172,Last_1172,212,customer_1172@example.com,2022-05-30
1173,First_1173,Last_1173,51,customer_1173@example.com,2023-06-02
1174,First_1174,Last_1174,283,customer_1174@example.com,2020-01-26
1175,First_1175,Last_1175,128,customer_1175@example.com,2023-12-23
1176,First_1176,Last_1176,186,customer_1176@example.com,2021-02-13
1177,First_1177,Last_1177,14,customer_1177@example.com,2023-02-27
1178,First_1178,Last_1178,253,customer_1178@example.com,2022-10-06
1179,First_1179,Last_1179,134,customer_1179@example.com,2021-07-09
1180,First_1180,Last_1180,378,customer_1180@example.com,2021-04-25
1181,First_1181,Last_1181,451,customer_1181@example.com,2023-06-29
1182,First_1182,Last_1182,328,customer_1182@example.com,2020-02-17
1183,First_1183,Last_1183,151,customer_1183@example.com,2023-05-12
1184,First_1184,Last_1184,336,customer_1184@example.com,2022-05-01
1185,First_1185,Last_1185,83,customer_1185@example.com,2022-09-27
1186,First_1186,Last_1186,261,customer_1186@example.com,2020-02-09
1187,First_1187,Last_1187,300,customer_1187@example.com,2019-06-24
1188,First_1188,Last_1188,21,customer_1188@example.com,2023-05-13
1189,First_1189,Last_1189,387,customer_1189@example.com,2022-09-07
1190,First_1190,Last_1190,15,customer_1190@example.com,2023-07-22
1191,First_1191,Last_1191,414,customer_1191@example.com,2023-11-17
1192,First_1192,Last_1192,406,customer_1192@example.com,2023-10-21
1193,First_1193,Last_1193,21,customer_1193@example.com,2020-04-01
1194,First_1194,Last_1194,127,customer_1194@example.com,2022-05-05
1195,First_1195,Last_1195,36,customer_1195@example.com,2020-01-15
1196,First_1196,Last_1196,451,customer_1196@example.com,2023-11-04
1197,First_1197,Last_1197,216,customer_1197@example.com,2020-03-27
1198,First_1198,Last_1198,102,customer_1198@example.com,2021-02-06
1199,First_1199,Last_1199,126,customer_1199@example.com,2022-05-08
1200,First_1200,Last_1200,411,customer_1200@example.com,2019-07-10
