EmployeeID,FirstName,LastName,Position,StoreID,HireDate
1,First_1,Last_1,Sales Rep,1,2022-12-24
2,First_2,Last_2,Manager,2,2024-04-13
3,First_3,Last_3,Sales Rep,3,2024-03-27
4,First_4,Last_4,Sales Rep,4,2022-08-25
5,First_5,Last_5,Technician,5,2024-01-07
6,First_6,Last_6,Manager,6,2023-01-17
7,First_7,Last_7,Cashier,7,2023-10-26
8,First_8,Last_8,Technician,8,2022-11-06
9,First_9,Last_9,Technician,9,2022-12-08
10,First_10,Last_10,Cashier,10,2022-04-20
11,First_11,Last_11,Cashier,11,2022-05-28
12,First_12,Last_12,Manager,12,2023-06-18
13,First_13,Last_13,Sales Rep,13,2023-04-22
14,First_14,Last_14,Sales Rep,14,2024-06-20
15,First_15,Last_15,Sales Rep,15,2023-09-17
16,First_16,Last_16,Cashier,16,2024-05-23
17,First_17,Last_17,Cashier,17,2023-09-30
18,First_18,Last_18,Cashier,18,2023-01-31
19,First_19,Last_19,Manager,19,2023-09-25
20,First_20,Last_20,Cashier,20,2022-12-18
21,First_21,Last_21,Sales Rep,21,2024-05-23
22,First_22,Last_22,Sales Rep,22,2022-09-18
23,First_23,Last_23,Cashier,23,2023-01-22
24,First_24,Last_24,Technician,24,2024-06-18
25,First_25,Last_25,Sales Rep,25,2024-05-18
26,First_26,Last_26,Manager,26,2024-05-26
27,First_27,Last_27,Cashier,27,2022-12-03
28,First_28,Last_28,Cashier,28,2023-01-04
29,First_29,Last_29,Cashier,29,2023-05-21
30,First_30,Last_30,Manager,30,2024-07-21
31,First_31,Last_31,Cashier,31,2022-04-14
32,First_32,Last_32,Sales Rep,32,2024-04-26
33,First_33,Last_33,Cashier,33,2024-02-28
34,First_34,Last_34,Technician,34,2022-04-20
35,First_35,Last_35,Sales Rep,35,2023-10-13
36,First_36,Last_36,Cashier,36,2024-04-23
37,First_37,Last_37,Technician,37,2022-12-02
38,First_38,Last_38,Manager,38,2024-06-15
39,First_39,Last_39,Technician,39,2022-05-24
40,First_40,Last_40,Cashier,40,2023-09-22
41,First_41,Last_41,Cashier,41,2023-05-27
42,First_42,Last_42,Cashier,42,2022-08-28
43,First_43,Last_43,Sales Rep,43,2022-05-04
44,First_44,Last_44,Sales Rep,44,2023-10-29
45,First_45,Last_45,Manager,45,2022-10-04
46,First_46,Last_46,Technician,46,2024-06-06
47,First_47,Last_47,Technician,47,2022-03-06
48,First_48,Last_48,Technician,48,2023-04-13
49,First_49,Last_49,Cashier,49,2022-08-22
50,First_50,Last_50,Sales Rep,50,2022-09-18
51,First_51,Last_51,Cashier,51,2023-01-19
52,First_52,Last_52,Cashier,52,2024-01-08
53,First_53,Last_53,Technician,53,2023-12-10
54,First_54,Last_54,Cashier,54,2023-03-04
55,First_55,Last_55,Technician,55,2024-07-25
56,First_56,Last_56,Cashier,56,2022-08-20
57,First_57,Last_57,Technician,57,2024-04-27
58,First_58,Last_58,Sales Rep,58,2024-01-22
59,First_59,Last_59,Manager,59,2022-11-26
60,First_60,Last_60,Manager,60,2024-04-12
61,First_61,Last_61,Manager,61,2024-02-21
62,First_62,Last_62,Technician,62,2023-08-24
63,First_63,Last_63,Cashier,63,2024-06-14
64,First_64,Last_64,Cashier,64,2023-03-13
65,First_65,Last_65,Cashier,65,2023-11-26
66,First_66,Last_66,Manager,66,2023-01-03
67,First_67,Last_67,Manager,67,2023-07-01
68,First_68,Last_68,Manager,68,2023-05-27
69,First_69,Last_69,Cashier,69,2023-06-29
70,First_70,Last_70,Cashier,70,2024-03-28
71,First_71,Last_71,Technician,71,2022-11-18
72,First_72,Last_72,Manager,72,2022-04-27
73,First_73,Last_73,Manager,73,2023-02-24
74,First_74,Last_74,Cashier,74,2024-05-21
75,First_75,Last_75,Cashier,75,2024-05-10
76,First_76,Last_76,Cashier,76,2023-11-13
77,First_77,Last_77,Technician,77,2024-03-06
78,First_78,Last_78,Manager,78,2023-12-18
79,First_79,Last_79,Technician,79,2022-02-11
80,First_80,Last_80,Sales Rep,80,2024-04-16
81,First_81,Last_81,Technician,81,2022-12-04
82,First_82,Last_82,Manager,82,2022-05-19
83,First_83,Last_83,Manager,83,2022-05-26
84,First_84,Last_84,Manager,84,2022-03-14
85,First_85,Last_85,Technician,85,2022-03-11
86,First_86,Last_86,Cashier,86,2023-04-20
87,First_87,Last_87,Manager,87,2024-02-13
88,First_88,Last_88,Sales Rep,88,2023-06-01
89,First_89,Last_89,Technician,89,2023-03-15
90,First_90,Last_90,Sales Rep,90,2023-05-06
91,First_91,Last_91,Sales Rep,91,2023-07-13
92,First_92,Last_92,Cashier,92,2023-01-31
93,First_93,Last_93,Manager,93,2022-02-13
94,First_94,Last_94,Manager,94,2024-04-07
95,First_95,Last_95,Manager,95,2022-05-12
96,First_96,Last_96,Manager,96,2022-03-04
97,First_97,Last_97,Manager,97,2022-05-09
98,First_98,Last_98,Technician,98,2022-07-14
99,First_99,Last_99,Technician,99,2024-06-19
100,First_100,Last_100,Manager,100,2022-04-09
101,First_101,Last_101,Cashier,101,2022-09-06
102,First_102,Last_102,Technician,102,2023-12-25
103,First_103,Last_103,Technician,103,2023-03-02
104,First_104,Last_104,Manager,104,2024-06-29
105,First_105,Last_105,Manager,105,2024-02-23
106,First_106,Last_106,Cashier,106,2023-06-20
107,First_107,Last_107,Technician,107,2022-11-30
108,First_108,Last_108,Manager,108,2022-07-03
109,First_109,Last_109,Manager,109,2023-04-09
110,First_110,Last_110,Technician,110,2023-01-25
111,First_111,Last_111,Technician,111,2022-12-15
112,First_112,Last_112,Cashier,112,2024-01-06
113,First_113,Last_113,Technician,113,2023-03-19
114,First_114,Last_114,Cashier,114,2024-04-16
115,First_115,Last_115,Technician,115,2024-07-18
116,First_116,Last_116,Cashier,116,2023-06-25
117,First_117,Last_117,Technician,117,2024-07-04
118,First_118,Last_118,Manager,118,2023-04-27
119,First_119,Last_119,Manager,119,2023-09-11
120,First_120,Last_120,Cashier,120,2024-04-03
121,First_121,Last_121,Technician,121,2024-02-29
122,First_122,Last_122,Sales Rep,122,2024-05-29
123,First_123,Last_123,Cashier,123,2024-03-06
124,First_124,Last_124,Technician,124,2024-07-22
125,First_125,Last_125,Manager,125,2023-01-28
126,First_126,Last_126,Manager,126,2022-06-03
127,First_127,Last_127,Technician,127,2024-06-12
128,First_128,Last_128,Cashier,128,2023-06-17
129,First_129,Last_129,Sales Rep,129,2023-12-12
130,First_130,Last_130,Technician,130,2023-12-31
131,First_131,Last_131,Technician,131,2023-12-05
132,First_132,Last_132,Manager,132,2024-03-04
133,First_133,Last_133,Manager,133,2023-04-30
134,First_134,Last_134,Technician,134,2023-01-10
135,First_135,Last_135,Technician,135,2024-03-13
136,First_136,Last_136,Sales Rep,136,2023-04-23
137,First_137,Last_137,Sales Rep,137,2022-05-15
138,First_138,Last_138,Technician,138,2022-03-31
139,First_139,Last_139,Cashier,139,2023-04-17
140,First_140,Last_140,Sales Rep,140,2024-06-13
141,First_141,Last_141,Manager,141,2024-07-25
142,First_142,Last_142,Sales Rep,142,2024-04-19
143,First_143,Last_143,Sales Rep,143,2023-08-25
144,First_144,Last_144,Technician,144,2023-01-06
145,First_145,Last_145,Manager,145,2022-06-18
146,First_146,Last_146,Sales Rep,146,2022-03-18
147,First_147,Last_147,Technician,147,2023-12-11
148,First_148,Last_148,Sales Rep,148,2022-12-27
149,First_149,Last_149,Sales Rep,149,2024-05-26
150,First_150,Last_150,Manager,150,2022-04-24
151,First_151,Last_151,Cashier,151,2023-09-12
152,First_152,Last_152,Manager,152,2023-01-30
153,First_153,Last_153,Cashier,153,2024-04-19
154,First_154,Last_154,Cashier,154,2024-07-24
155,First_155,Last_155,Technician,155,2022-05-25
156,First_156,Last_156,Sales Rep,156,2023-01-22
157,First_157,Last_157,Technician,157,2023-06-19
158,First_158,Last_158,Sales Rep,158,2023-06-21
159,First_159,Last_159,Cashier,159,2024-01-17
160,First_160,Last_160,Manager,160,2022-02-07
161,First_161,Last_161,Cashier,161,2022-04-10
162,First_162,Last_162,Sales Rep,162,2022-05-19
163,First_163,Last_163,Manager,163,2024-06-10
164,First_164,Last_164,Technician,164,2023-01-06
165,First_165,Last_165,Technician,165,2022-08-31
166,First_166,Last_166,Cashier,166,2022-07-20
167,First_167,Last_167,Cashier,167,2024-03-07
168,First_168,Last_168,Technician,168,2022-12-14
169,First_169,Last_169,Technician,169,2022-11-23
170,First_170,Last_170,Manager,170,2023-11-14
171,First_171,Last_171,Technician,171,2024-06-01
172,First_172,Last_172,Technician,172,2024-02-04
173,First_173,Last_173,Manager,173,2024-01-10
174,First_174,Last_174,Cashier,174,2023-06-16
175,First_175,Last_175,Manager,175,2024-02-08
176,First_176,Last_176,Cashier,176,2022-10-17
177,First_177,Last_177,Cashier,177,2023-10-05
178,First_178,Last_178,Sales Rep,178,2023-10-07
179,First_179,Last_179,Sales Rep,179,2022-10-31
180,First_180,Last_180,Technician,180,2022-10-03
181,First_181,Last_181,Sales Rep,181,2023-11-24
182,First_182,Last_182,Manager,182,2023-03-15
183,First_183,Last_183,Sales Rep,183,2024-06-02
184,First_184,Last_184,Technician,184,2024-03-04
185,First_185,Last_185,Manager,185,2023-10-19
186,First_186,Last_186,Cashier,186,2022-04-01
187,First_187,Last_187,Sales Rep,187,2024-01-21
188,First_188,Last_188,Sales Rep,188,2023-09-04
189,First_189,Last_189,Sales Rep,189,2023-06-24
190,First_190,Last_190,Cashier,190,2022-11-26
191,First_191,Last_191,Technician,191,2023-10-08
192,First_192,Last_192,Manager,192,2023-06-15
193,First_193,Last_193,Manager,193,2023-09-05
194,First_194,Last_194,Manager,194,2023-09-17
195,First_195,Last_195,Manager,195,2024-03-12
196,First_196,Last_196,Cashier,196,2023-03-06
197,First_197,Last_197,Manager,197,2023-02-22
198,First_198,Last_198,Technician,198,2024-04-02
199,First_199,Last_199,Sales Rep,199,2024-02-28
200,First_200,Last_200,Cashier,200,2023-06-29
201,First_201,Last_201,Cashier,201,2022-11-10
202,First_202,Last_202,Manager,202,2023-06-12
203,First_203,Last_203,Sales Rep,203,2022-05-24
204,First_204,Last_204,Manager,204,2023-11-03
205,First_205,Last_205,Cashier,205,2023-08-04
206,First_206,Last_206,Manager,206,2024-06-12
207,First_207,Last_207,Manager,207,2022-04-15
208,First_208,Last_208,Manager,208,2023-09-11
209,First_209,Last_209,Manager,209,2024-02-12
210,First_210,Last_210,Sales Rep,210,2022-11-22
211,First_211,Last_211,Cashier,211,2023-12-16
212,First_212,Last_212,Cashier,212,2024-02-22
213,First_213,Last_213,Sales Rep,213,2023-03-03
214,First_214,Last_214,Manager,214,2023-08-23
215,First_215,Last_215,Technician,215,2022-03-23
216,First_216,Last_216,Manager,216,2023-01-17
217,First_217,Last_217,Sales Rep,217,2024-03-11
218,First_218,Last_218,Technician,218,2022-09-30
219,First_219,Last_219,Cashier,219,2023-09-07
220,First_220,Last_220,Sales Rep,220,2023-09-02
221,First_221,Last_221,Manager,221,2022-08-09
222,First_222,Last_222,Cashier,222,2022-09-09
223,First_223,Last_223,Sales Rep,223,2023-10-15
224,First_224,Last_224,Manager,224,2023-07-24
225,First_225,Last_225,Sales Rep,225,2024-06-04
226,First_226,Last_226,Manager,226,2023-08-07
227,First_227,Last_227,Manager,227,2023-10-22
228,First_228,Last_228,Technician,228,2024-01-15
229,First_229,Last_229,Sales Rep,229,2022-06-06
230,First_230,Last_230,Manager,230,2024-04-12
231,First_231,Last_231,Sales Rep,231,2023-04-15
232,First_232,Last_232,Manager,232,2023-02-03
233,First_233,Last_233,Manager,233,2023-01-23
234,First_234,Last_234,Sales Rep,234,2022-05-30
235,First_235,Last_235,Sales Rep,235,2023-03-30
236,First_236,Last_236,Manager,236,2024-03-30
237,First_237,Last_237,Cashier,237,2024-04-06
238,First_238,Last_238,Cashier,238,2022-09-02
239,First_239,Last_239,Sales Rep,239,2022-05-23
240,First_240,Last_240,Sales Rep,240,2023-04-26
241,First_241,Last_241,Sales Rep,241,2023-06-07
242,First_242,Last_242,Manager,242,2022-12-20
243,First_243,Last_243,Sales Rep,243,2024-03-11
244,First_244,Last_244,Manager,244,2023-05-03
245,First_245,Last_245,Sales Rep,245,2022-12-30
246,First_246,Last_246,Cashier,246,2024-05-28
247,First_247,Last_247,Cashier,247,2024-03-26
248,First_248,Last_248,Technician,248,2022-04-13
249,First_249,Last_249,Cashier,249,2023-08-08
250,First_250,Last_250,Sales Rep,250,2022-12-19
251,First_251,Last_251,Cashier,251,2022-08-06
252,First_252,Last_252,Cashier,252,2023-01-31
253,First_253,Last_253,Sales Rep,253,2023-07-04
254,First_254,Last_254,Manager,254,2023-01-01
255,First_255,Last_255,Cashier,255,2023-03-06
256,First_256,Last_256,Manager,256,2024-01-05
257,First_257,Last_257,Sales Rep,257,2022-08-31
258,First_258,Last_258,Cashier,258,2022-11-20
259,First_259,Last_259,Technician,259,2022-02-09
260,First_260,Last_260,Technician,260,2024-05-16
261,First_261,Last_261,Technician,261,2022-06-21
262,First_262,Last_262,Sales Rep,262,2022-10-19
263,First_263,Last_263,Technician,263,2023-11-10
264,First_264,Last_264,Sales Rep,264,2024-01-18
265,First_265,Last_265,Manager,265,2022-03-27
266,First_266,Last_266,Sales Rep,266,2022-03-06
267,First_267,Last_267,Manager,267,2023-05-14
268,First_268,Last_268,Cashier,268,2022-04-22
269,First_269,Last_269,Manager,269,2022-03-19
270,First_270,Last_270,Sales Rep,270,2022-02-25
271,First_271,Last_271,Cashier,271,2024-05-15
272,First_272,Last_272,Manager,272,2023-08-23
273,First_273,Last_273,Manager,273,2022-12-05
274,First_274,Last_274,Technician,274,2024-07-22
275,First_275,Last_275,Technician,275,2022-05-01
276,First_276,Last_276,Manager,276,2023-08-02
277,First_277,Last_277,Sales Rep,277,2022-04-01
278,First_278,Last_278,Technician,278,2023-02-11
279,First_279,Last_279,Sales Rep,279,2024-05-19
280,First_280,Last_280,Manager,280,2023-03-01
281,First_281,Last_281,Technician,281,2022-11-02
282,First_282,Last_282,Cashier,282,2023-10-06
283,First_283,Last_283,Sales Rep,283,2022-08-20
284,First_284,Last_284,Manager,284,2024-07-01
285,First_285,Last_285,Sales Rep,285,2024-04-19
286,First_286,Last_286,Technician,286,2022-12-06
287,First_287,Last_287,Technician,287,2023-03-09
288,First_288,Last_288,Manager,288,2023-07-20
289,First_289,Last_289,Technician,289,2024-01-10
290,First_290,Last_290,Technician,290,2023-09-22
291,First_291,Last_291,Sales Rep,291,2022-10-29
292,First_292,Last_292,Sales Rep,292,2022-07-24
293,First_293,Last_293,Technician,293,2022-11-22
294,First_294,Last_294,Technician,294,2022-08-11
295,First_295,Last_295,Cashier,295,2023-05-20
296,First_296,Last_296,Manager,296,2023-01-19
297,First_297,Last_297,Technician,297,2024-07-12
298,First_298,Last_298,Manager,298,2022-07-13
299,First_299,Last_299,Cashier,299,2022-04-22
300,First_300,Last_300,Cashier,300,2024-03-10
301,First_301,Last_301,Cashier,301,2022-10-19
302,First_302,Last_302,Manager,302,2024-03-29
303,First_303,Last_303,Technician,303,2022-04-13
304,First_304,Last_304,Cashier,304,2022-07-07
305,First_305,Last_305,Sales Rep,305,2023-01-23
306,First_306,Last_306,Manager,306,2023-12-16
307,First_307,Last_307,Cashier,307,2024-02-14
308,First_308,Last_308,Technician,308,2023-11-05
309,First_309,Last_309,Cashier,309,2023-08-17
310,First_310,Last_310,Cashier,310,2024-01-23
311,First_311,Last_311,Manager,311,2022-06-30
312,First_312,Last_312,Manager,312,2022-04-24
313,First_313,Last_313,Technician,313,2022-03-13
314,First_314,Last_314,Cashier,314,2023-09-09
315,First_315,Last_315,Technician,315,2022-12-14
316,First_316,Last_316,Cashier,316,2022-11-25
317,First_317,Last_317,Sales Rep,317,2023-04-02
318,First_318,Last_318,Cashier,318,2024-02-26
319,First_319,Last_319,Cashier,319,2024-05-03
320,First_320,Last_320,Technician,320,2023-07-16
321,First_321,Last_321,Manager,321,2023-02-08
322,First_322,Last_322,Manager,322,2023-03-18
323,First_323,Last_323,Manager,323,2023-01-24
324,First_324,Last_324,Technician,324,2023-09-03
325,First_325,Last_325,Technician,325,2022-12-25
326,First_326,Last_326,Cashier,326,2024-02-11
327,First_327,Last_327,Manager,327,2022-05-10
328,First_328,Last_328,Technician,328,2022-11-01
329,First_329,Last_329,Technician,329,2024-06-02
330,First_330,Last_330,Technician,330,2022-12-06
331,First_331,Last_331,Cashier,331,2022-05-04
332,First_332,Last_332,Manager,332,2022-09-02
333,First_333,Last_333,Sales Rep,333,2023-01-12
334,First_334,Last_334,Cashier,334,2023-10-12
335,First_335,Last_335,Sales Rep,335,2023-11-17
336,First_336,Last_336,Technician,336,2022-12-26
337,First_337,Last_337,Technician,337,2024-02-18
338,First_338,Last_338,Sales Rep,338,2022-09-29
339,First_339,Last_339,Technician,339,2023-08-02
340,First_340,Last_340,Sales Rep,340,2023-04-28
341,First_341,Last_341,Manager,341,2024-02-13
342,First_342,Last_342,Technician,342,2022-06-20
343,First_343,Last_343,Cashier,343,2023-07-30
344,First_344,Last_344,Technician,344,2024-03-03
345,First_345,Last_345,Technician,345,2022-02-28
346,First_346,Last_346,Cashier,346,2022-06-03
347,First_347,Last_347,Technician,347,2023-02-05
348,First_348,Last_348,Technician,348,2023-07-17
349,First_349,Last_349,Manager,349,2023-11-13
350,First_350,Last_350,Manager,350,2022-10-03
351,First_351,Last_351,Technician,351,2024-06-15
352,First_352,Last_352,Cashier,352,2022-04-17
353,First_353,Last_353,Sales Rep,353,2023-11-06
354,First_354,Last_354,Technician,354,2022-06-15
355,First_355,Last_355,Cashier,355,2023-07-31
356,First_356,Last_356,Manager,356,2022-08-10
357,First_357,Last_357,Cashier,357,2022-03-04
358,First_358,Last_358,Sales Rep,358,2022-03-09
359,First_359,Last_359,Cashier,359,2023-09-13
360,First_360,Last_360,Cashier,360,2023-11-22
361,First_361,Last_361,Cashier,361,2023-12-05
362,First_362,Last_362,Sales Rep,362,2023-03-23
363,First_363,Last_363,Sales Rep,363,2022-08-12
364,First_364,Last_364,Technician,364,2023-02-21
365,First_365,Last_365,Technician,365,2023-02-25
366,First_366,Last_366,Sales Rep,366,2022-03-07
367,First_367,Last_367,Cashier,367,2022-11-04
368,First_368,Last_368,Sales Rep,368,2024-07-09
369,First_369,Last_369,Technician,369,2023-11-30
370,First_370,Last_370,Sales Rep,370,2022-09-05
371,First_371,Last_371,Sales Rep,371,2023-05-04
372,First_372,Last_372,Technician,372,2023-04-03
373,First_373,Last_373,Cashier,373,2022-08-08
374,First_374,Last_374,Manager,374,2022-06-25
375,First_375,Last_375,Manager,375,2023-08-02
376,First_376,Last_376,Technician,376,2022-04-14
377,First_377,Last_377,Cashier,377,2023-07-29
378,First_378,Last_378,Sales Rep,378,2023-03-23
379,First_379,Last_379,Manager,379,2022-12-10
380,First_380,Last_380,Sales Rep,380,2022-10-22
381,First_381,Last_381,Manager,381,2023-08-05
382,First_382,Last_382,Cashier,382,2024-03-19
383,First_383,Last_383,Sales Rep,383,2023-04-18
384,First_384,Last_384,Sales Rep,384,2024-06-15
385,First_385,Last_385,Cashier,385,2022-07-23
386,First_386,Last_386,Technician,386,2022-03-29
387,First_387,Last_387,Technician,387,2023-11-05
388,First_388,Last_388,Manager,388,2023-09-16
389,First_389,Last_389,Technician,389,2022-08-11
390,First_390,Last_390,Technician,390,2023-01-08
391,First_391,Last_391,Sales Rep,391,2023-11-25
392,First_392,Last_392,Technician,392,2023-05-15
393,First_393,Last_393,Cashier,393,2022-06-01
394,First_394,Last_394,Technician,394,2023-02-11
395,First_395,Last_395,Sales Rep,395,2023-04-29
396,First_396,Last_396,Manager,396,2024-07-17
397,First_397,Last_397,Sales Rep,397,2024-05-12
398,First_398,Last_398,Manager,398,2023-01-18
399,First_399,Last_399,Technician,399,2023-04-25
400,First_400,Last_400,Manager,400,2022-07-31
401,First_401,Last_401,Cashier,401,2023-12-08
402,First_402,Last_402,Cashier,402,2024-03-28
403,First_403,Last_403,Sales Rep,403,2023-08-15
404,First_404,Last_404,Manager,404,2024-03-02
405,First_405,Last_405,Manager,405,2022-06-05
406,First_406,Last_406,Technician,406,2022-07-25
407,First_407,Last_407,Manager,407,2023-07-20
408,First_408,Last_408,Manager,408,2022-08-09
409,First_409,Last_409,Cashier,409,2024-07-03
410,First_410,Last_410,Manager,410,2023-09-24
411,First_411,Last_411,Technician,411,2022-06-12
412,First_412,Last_412,Sales Rep,412,2024-07-17
413,First_413,Last_413,Sales Rep,413,2023-07-23
414,First_414,Last_414,Cashier,414,2023-11-15
415,First_415,Last_415,Sales Rep,415,2024-05-17
416,First_416,Last_416,Technician,416,2024-04-23
417,First_417,Last_417,Technician,417,2023-04-10
418,First_418,Last_418,Manager,418,2023-05-30
419,First_419,Last_419,Sales Rep,419,2023-07-14
420,First_420,Last_420,Cashier,420,2023-07-04
421,First_421,Last_421,Sales Rep,421,2024-07-14
422,First_422,Last_422,Technician,422,2022-10-19
423,First_423,Last_423,Technician,423,2024-01-30
424,First_424,Last_424,Cashier,424,2024-04-21
425,First_425,Last_425,Technician,425,2024-01-28
426,First_426,Last_426,Sales Rep,426,2022-04-14
427,First_427,Last_427,Sales Rep,427,2024-04-03
428,First_428,Last_428,Manager,428,2024-03-12
429,First_429,Last_429,Sales Rep,429,2023-10-05
430,First_430,Last_430,Cashier,430,2022-10-21
431,First_431,Last_431,Cashier,431,2024-02-16
432,First_432,Last_432,Technician,432,2024-07-16
433,First_433,Last_433,Sales Rep,433,2024-02-19
434,First_434,Last_434,Technician,434,2023-10-14
435,First_435,Last_435,Technician,435,2022-09-20
436,First_436,Last_436,Manager,436,2023-10-13
437,First_437,Last_437,Cashier,437,2022-06-20
438,First_438,Last_438,Manager,438,2022-09-17
439,First_439,Last_439,Sales Rep,439,2022-09-05
440,First_440,Last_440,Sales Rep,440,2022-04-10
441,First_441,Last_441,Technician,441,2023-02-02
442,First_442,Last_442,Sales Rep,442,2023-10-12
443,First_443,Last_443,Cashier,443,2023-10-09
444,First_444,Last_444,Sales Rep,444,2023-06-08
445,First_445,Last_445,Cashier,445,2023-04-19
446,First_446,Last_446,Cashier,446,2023-12-31
447,First_447,Last_447,Sales Rep,447,2023-04-10
448,First_448,Last_448,Cashier,448,2023-12-18
449,First_449,Last_449,Manager,449,2023-06-07
450,First_450,Last_450,Cashier,450,2024-02-15
451,First_451,Last_451,Sales Rep,451,2023-08-25
452,First_452,Last_452,Sales Rep,452,2022-05-07
453,First_453,Last_453,Cashier,453,2022-09-29
454,First_454,Last_454,Cashier,454,2022-11-05
455,First_455,Last_455,Cashier,455,2023-11-03
456,First_456,Last_456,Manager,456,2024-01-16
457,First_457,Last_457,Technician,457,2024-04-10
458,First_458,Last_458,Sales Rep,458,2023-08-13
459,First_459,Last_459,Sales Rep,459,2022-07-12
460,First_460,Last_460,Sales Rep,460,2023-06-22
461,First_461,Last_461,Technician,461,2024-02-16
462,First_462,Last_462,Technician,462,2024-03-05
463,First_463,Last_463,Manager,463,2023-01-12
464,First_464,Last_464,Technician,464,2024-03-03
465,First_465,Last_465,Technician,465,2023-11-02
466,First_466,Last_466,Cashier,466,2022-09-17
467,First_467,Last_467,Sales Rep,467,2023-07-01
468,First_468,Last_468,Manager,468,2022-04-05
469,First_469,Last_469,Sales Rep,469,2022-09-06
470,First_470,Last_470,Technician,470,2022-10-07
471,First_471,Last_471,Manager,471,2022-06-20
472,First_472,Last_472,Manager,472,2022-05-14
473,First_473,Last_473,Sales Rep,473,2023-02-05
474,First_474,Last_474,Technician,474,2023-01-12
475,First_475,Last_475,Sales Rep,475,2023-12-05
476,First_476,Last_476,Sales Rep,476,2023-09-11
477,First_477,Last_477,Manager,477,2022-08-13
478,First_478,Last_478,Sales Rep,478,2022-07-28
479,First_479,Last_479,Sales Rep,479,2024-05-28
480,First_480,Last_480,Sales Rep,480,2023-06-30
481,First_481,Last_481,Manager,481,2022-10-11
482,First_482,Last_482,Cashier,482,2022-07-04
483,First_483,Last_483,Manager,483,2022-10-30
484,First_484,Last_484,Cashier,484,2022-09-26
485,First_485,Last_485,Technician,485,2022-05-09
486,First_486,Last_486,Manager,486,2024-06-27
487,First_487,Last_487,Technician,487,2023-10-10
488,First_488,Last_488,Manager,488,2022-04-07
489,First_489,Last_489,Cashier,489,2022-09-26
490,First_490,Last_490,Technician,490,2022-06-04
491,First_491,Last_491,Cashier,491,2022-12-11
492,First_492,Last_492,Manager,492,2023-04-18
493,First_493,Last_493,Sales Rep,493,2024-03-26
494,First_494,Last_494,Manager,494,2022-08-14
495,First_495,Last_495,Cashier,495,2022-02-27
496,First_496,Last_496,Technician,496,2023-08-22
497,First_497,Last_497,Technician,497,2023-02-22
498,First_498,Last_498,Manager,498,2022-06-04
499,First_499,Last_499,Technician,499,2022-03-13
500,First_500,Last_500,Cashier,500,2022-12-08
501,First_501,Last_501,Sales Rep,501,2022-06-13
502,First_502,Last_502,Sales Rep,502,2023-04-04
503,First_503,Last_503,Cashier,503,2022-08-22
504,First_504,Last_504,Manager,504,2022-02-26
505,First_505,Last_505,Sales Rep,505,2024-05-24
506,First_506,Last_506,Technician,506,2024-03-04
507,First_507,Last_507,Technician,507,2022-10-05
508,First_508,Last_508,Sales Rep,508,2022-04-14
509,First_509,Last_509,Manager,509,2023-03-07
510,First_510,Last_510,Sales Rep,510,2023-10-05
511,First_511,Last_511,Technician,511,2024-07-23
512,First_512,Last_512,Sales Rep,512,2022-02-12
513,First_513,Last_513,Sales Rep,513,2024-02-29
514,First_514,Last_514,Cashier,514,2024-06-10
515,First_515,Last_515,Manager,515,2024-03-05
516,First_516,Last_516,Sales Rep,516,2023-11-08
517,First_517,Last_517,Sales Rep,517,2023-03-03
518,First_518,Last_518,Sales Rep,518,2022-07-27
519,First_519,Last_519,Sales Rep,519,2023-03-19
520,First_520,Last_520,Manager,520,2022-03-01
521,First_521,Last_521,Cashier,521,2023-03-30
522,First_522,Last_522,Manager,522,2024-06-21
523,First_523,Last_523,Manager,523,2023-11-12
524,First_524,Last_524,Technician,524,2022-12-18
525,First_525,Last_525,Cashier,525,2022-08-16
526,First_526,Last_526,Cashier,526,2024-01-13
527,First_527,Last_527,Sales Rep,527,2023-07-07
528,First_528,Last_528,Sales Rep,528,2023-11-03
529,First_529,Last_529,Technician,529,2022-03-09
530,First_530,Last_530,Cashier,530,2023-11-07
531,First_531,Last_531,Cashier,531,2023-06-02
532,First_532,Last_532,Cashier,532,2023-06-24
533,First_533,Last_533,Technician,533,2023-06-24
534,First_534,Last_534,Cashier,534,2023-02-22
535,First_535,Last_535,Cashier,535,2022-10-04
536,First_536,Last_536,Manager,536,2024-02-18
537,First_537,Last_537,Technician,537,2022-09-22
538,First_538,Last_538,Sales Rep,538,2022-05-17
539,First_539,Last_539,Cashier,539,2022-09-11
540,First_540,Last_540,Sales Rep,540,2023-09-25
541,First_541,Last_541,Cashier,541,2023-11-01
542,First_542,Last_542,Cashier,542,2023-08-13
543,First_543,Last_543,Technician,543,2022-09-24
544,First_544,Last_544,Technician,544,2023-11-15
545,First_545,Last_545,Sales Rep,545,2022-02-25
546,First_546,Last_546,Manager,546,2023-03-05
547,First_547,Last_547,Sales Rep,547,2024-06-02
548,First_548,Last_548,Manager,548,2023-06-28
549,First_549,Last_549,Sales Rep,549,2023-11-11
550,First_550,Last_550,Cashier,550,2024-04-14
551,First_551,Last_551,Technician,551,2023-07-08
552,First_552,Last_552,Manager,552,2022-08-08
553,First_553,Last_553,Sales Rep,553,2022-09-23
554,First_554,Last_554,Manager,554,2022-11-16
555,First_555,Last_555,Manager,555,2023-01-15
556,First_556,Last_556,Technician,556,2024-01-25
557,First_557,Last_557,Sales Rep,557,2023-05-19
558,First_558,Last_558,Manager,558,2022-09-12
559,First_559,Last_559,Manager,559,2024-04-06
560,First_560,Last_560,Technician,560,2023-06-30
561,First_561,Last_561,Technician,561,2022-10-14
562,First_562,Last_562,Manager,562,2022-08-06
563,First_563,Last_563,Cashier,563,2023-09-05
564,First_564,Last_564,Manager,564,2023-07-03
565,First_565,Last_565,Sales Rep,565,2023-10-16
566,First_566,Last_566,Manager,566,2022-10-05
567,First_567,Last_567,Manager,567,2022-12-29
568,First_568,Last_568,Cashier,568,2022-12-01
569,First_569,Last_569,Cashier,569,2023-10-07
570,First_570,Last_570,Manager,570,2022-06-03
571,First_571,Last_571,Sales Rep,571,2023-11-19
572,First_572,Last_572,Technician,572,2024-07-07
573,First_573,Last_573,Sales Rep,573,2022-04-24
574,First_574,Last_574,Manager,574,2024-07-04
575,First_575,Last_575,Cashier,575,2023-02-10
576,First_576,Last_576,Manager,576,2024-04-09
577,First_577,Last_577,Manager,577,2024-06-23
578,First_578,Last_578,Sales Rep,578,2022-07-21
579,First_579,Last_579,Manager,579,2023-04-02
580,First_580,Last_580,Cashier,580,2024-07-10
581,First_581,Last_581,Cashier,581,2024-02-29
582,First_582,Last_582,Technician,582,2022-08-10
583,First_583,Last_583,Cashier,583,2024-01-15
584,First_584,Last_584,Manager,584,2022-03-07
585,First_585,Last_585,Manager,585,2022-05-18
586,First_586,Last_586,Technician,586,2022-04-09
587,First_587,Last_587,Manager,587,2022-07-07
588,First_588,Last_588,Manager,588,2022-11-28
589,First_589,Last_589,Sales Rep,589,2023-06-21
590,First_590,Last_590,Technician,590,2022-10-17
591,First_591,Last_591,Technician,591,2024-05-16
592,First_592,Last_592,Manager,592,2024-01-19
593,First_593,Last_593,Sales Rep,593,2022-07-03
594,First_594,Last_594,Manager,594,2022-02-11
595,First_595,Last_595,Manager,595,2023-05-19
596,First_596,Last_596,Cashier,596,2022-09-06
597,First_597,Last_597,Sales Rep,597,2024-03-18
598,First_598,Last_598,Technician,598,2024-02-15
599,First_599,Last_599,Sales Rep,599,2022-08-19
600,First_600,Last_600,Manager,600,2024-06-16
601,First_601,Last_601,Technician,601,2024-04-12
602,First_602,Last_602,Manager,602,2023-10-12
603,First_603,Last_603,Cashier,603,2022-10-31
604,First_604,Last_604,Manager,604,2022-11-30
605,First_605,Last_605,Cashier,605,2022-11-26
606,First_606,Last_606,Cashier,606,2022-07-22
607,First_607,Last_607,Sales Rep,607,2024-06-20
608,First_608,Last_608,Manager,608,2022-07-27
609,First_609,Last_609,Cashier,609,2022-06-23
610,First_610,Last_610,Sales Rep,610,2023-09-03
611,First_611,Last_611,Manager,611,2024-02-02
612,First_612,Last_612,Technician,612,2022-08-08
613,First_613,Last_613,Cashier,613,2022-06-29
614,First_614,Last_614,Technician,614,2022-12-20
615,First_615,Last_615,Sales Rep,615,2022-03-01
616,First_616,Last_616,Technician,616,2022-02-11
617,First_617,Last_617,Sales Rep,617,2022-05-02
618,First_618,Last_618,Cashier,618,2024-01-26
619,First_619,Last_619,Technician,619,2022-04-07
620,First_620,Last_620,Cashier,620,2024-01-21
621,First_621,Last_621,Cashier,621,2023-05-24
622,First_622,Last_622,Manager,622,2023-04-24
623,First_623,Last_623,Sales Rep,623,2023-03-02
624,First_624,Last_624,Technician,624,2023-03-14
625,First_625,Last_625,Cashier,625,2023-06-23
626,First_626,Last_626,Technician,626,2023-04-25
627,First_627,Last_627,Technician,627,2022-03-19
628,First_628,Last_628,Manager,628,2023-03-09
629,First_629,Last_629,Sales Rep,629,2022-07-07
630,First_630,Last_630,Technician,630,2022-05-21
631,First_631,Last_631,Sales Rep,631,2023-12-09
632,First_632,Last_632,Manager,632,2022-08-24
633,First_633,Last_633,Technician,633,2023-02-22
634,First_634,Last_634,Technician,634,2022-06-19
635,First_635,Last_635,Manager,635,2023-02-03
636,First_636,Last_636,Cashier,636,2022-08-21
637,First_637,Last_637,Cashier,637,2023-12-31
638,First_638,Last_638,Technician,638,2023-02-11
639,First_639,Last_639,Cashier,639,2023-01-14
640,First_640,Last_640,Cashier,640,2023-02-19
641,First_641,Last_641,Sales Rep,641,2024-04-13
642,First_642,Last_642,Cashier,642,2024-01-12
643,First_643,Last_643,Technician,643,2023-01-07
644,First_644,Last_644,Cashier,644,2022-09-05
645,First_645,Last_645,Cashier,645,2022-04-24
646,First_646,Last_646,Technician,646,2022-03-31
647,First_647,Last_647,Cashier,647,2022-02-20
648,First_648,Last_648,Cashier,648,2023-07-26
649,First_649,Last_649,Manager,649,2022-12-29
650,First_650,Last_650,Cashier,650,2022-11-13
651,First_651,Last_651,Technician,651,2022-11-10
652,First_652,Last_652,Sales Rep,652,2024-02-10
653,First_653,Last_653,Technician,653,2022-08-30
654,First_654,Last_654,Manager,654,2023-06-27
655,First_655,Last_655,Sales Rep,655,2022-10-12
656,First_656,Last_656,Technician,656,2024-03-17
657,First_657,Last_657,Sales Rep,657,2022-03-27
658,First_658,Last_658,Cashier,658,2024-04-06
659,First_659,Last_659,Cashier,659,2022-08-07
660,First_660,Last_660,Manager,660,2022-03-26
661,First_661,Last_661,Cashier,661,2022-08-05
662,First_662,Last_662,Technician,662,2024-02-14
663,First_663,Last_663,Technician,663,2023-10-27
664,First_664,Last_664,Cashier,664,2023-12-21
665,First_665,Last_665,Cashier,665,2023-11-04
666,First_666,Last_666,Sales Rep,666,2024-02-25
667,First_667,Last_667,Sales Rep,667,2023-07-16
668,First_668,Last_668,Technician,668,2023-04-19
669,First_669,Last_669,Cashier,669,2023-11-27
670,First_670,Last_670,Sales Rep,670,2023-10-24
671,First_671,Last_671,Technician,671,2022-03-15
672,First_672,Last_672,Manager,672,2023-06-22
673,First_673,Last_673,Technician,673,2022-05-20
674,First_674,Last_674,Technician,674,2022-11-02
675,First_675,Last_675,Technician,675,2023-10-16
676,First_676,Last_676,Technician,676,2023-06-17
677,First_677,Last_677,Cashier,677,2022-03-24
678,First_678,Last_678,Sales Rep,678,2022-10-03
679,First_679,Last_679,Cashier,679,2023-08-30
680,First_680,Last_680,Cashier,680,2023-05-02
681,First_681,Last_681,Sales Rep,681,2023-05-07
682,First_682,Last_682,Manager,682,2022-08-13
683,First_683,Last_683,Manager,683,2022-06-17
684,First_684,Last_684,Technician,684,2023-11-26
685,First_685,Last_685,Sales Rep,685,2024-04-02
686,First_686,Last_686,Technician,686,2022-06-15
687,First_687,Last_687,Technician,687,2023-10-05
688,First_688,Last_688,Technician,688,2023-11-16
689,First_689,Last_689,Sales Rep,689,2022-04-26
690,First_690,Last_690,Technician,690,2022-03-04
691,First_691,Last_691,Sales Rep,691,2023-12-28
692,First_692,Last_692,Sales Rep,692,2022-03-02
693,First_693,Last_693,Sales Rep,693,2023-08-17
694,First_694,Last_694,Manager,694,2023-12-22
695,First_695,Last_695,Technician,695,2023-09-29
696,First_696,Last_696,Technician,696,2022-06-02
697,First_697,Last_697,Sales Rep,697,2024-03-13
698,First_698,Last_698,Cashier,698,2022-12-07
699,First_699,Last_699,Technician,699,2024-04-01
700,First_700,Last_700,Manager,700,2022-05-16
701,First_701,Last_701,Sales Rep,701,2022-11-10
702,First_702,Last_702,Technician,702,2024-02-05
703,First_703,Last_703,Sales Rep,703,2024-01-24
704,First_704,Last_704,Sales Rep,704,2024-01-13
705,First_705,Last_705,Technician,705,2024-03-12
706,First_706,Last_706,Manager,706,2024-03-20
707,First_707,Last_707,Technician,707,2023-09-02
708,First_708,Last_708,Cashier,708,2022-10-30
709,First_709,Last_709,Manager,709,2022-12-05
710,First_710,Last_710,Sales Rep,710,2023-01-16
711,First_711,Last_711,Sales Rep,711,2022-12-20
712,First_712,Last_712,Technician,712,2023-05-08
713,First_713,Last_713,Cashier,713,2023-04-30
714,First_714,Last_714,Technician,714,2023-03-02
715,First_715,Last_715,Cashier,715,2024-06-09
716,First_716,Last_716,Manager,716,2024-02-26
717,First_717,Last_717,Manager,717,2024-02-20
718,First_718,Last_718,Technician,718,2022-12-02
719,First_719,Last_719,Manager,719,2023-01-04
720,First_720,Last_720,Manager,720,2022-07-22
721,First_721,Last_721,Sales Rep,721,2022-07-04
722,First_722,Last_722,Cashier,722,2023-05-23
723,First_723,Last_723,Cashier,723,2023-07-09
724,First_724,Last_724,Technician,724,2023-08-19
725,First_725,Last_725,Manager,725,2022-08-01
726,First_726,Last_726,Cashier,726,2023-07-02
727,First_727,Last_727,Technician,727,2024-01-30
728,First_728,Last_728,Manager,728,2022-02-06
729,First_729,Last_729,Technician,729,2023-06-21
730,First_730,Last_730,Manager,730,2024-03-11
731,First_731,Last_731,Manager,731,2023-02-11
732,First_732,Last_732,Cashier,732,2022-04-11
733,First_733,Last_733,Technician,733,2023-01-12
734,First_734,Last_734,Sales Rep,734,2022-11-05
735,First_735,Last_735,Sales Rep,735,2024-05-28
736,First_736,Last_736,Cashier,736,2022-05-01
737,First_737,Last_737,Sales Rep,737,2022-05-27
738,First_738,Last_738,Cashier,738,2023-10-19
739,First_739,Last_739,Manager,739,2023-05-14
740,First_740,Last_740,Manager,740,2022-11-11
741,First_741,Last_741,Cashier,741,2022-07-15
742,First_742,Last_742,Manager,742,2022-07-25
743,First_743,Last_743,Technician,743,2022-09-26
744,First_744,Last_744,Technician,744,2024-04-13
745,First_745,Last_745,Sales Rep,745,2022-03-30
746,First_746,Last_746,Technician,746,2023-04-24
747,First_747,Last_747,Technician,747,2022-04-22
748,First_748,Last_748,Cashier,748,2023-05-12
749,First_749,Last_749,Manager,749,2023-07-30
750,First_750,Last_750,Cashier,750,2022-04-13
751,First_751,Last_751,Technician,751,2023-08-29
752,First_752,Last_752,Sales Rep,752,2022-10-05
753,First_753,Last_753,Sales Rep,753,2022-11-03
754,First_754,Last_754,Cashier,754,2022-08-03
755,First_755,Last_755,Cashier,755,2022-12-01
756,First_756,Last_756,Cashier,756,2022-02-18
757,First_757,Last_757,Sales Rep,757,2022-11-18
758,First_758,Last_758,Manager,758,2023-06-12
759,First_759,Last_759,Sales Rep,759,2023-09-21
760,First_760,Last_760,Cashier,760,2024-01-26
761,First_761,Last_761,Technician,761,2022-02-09
762,First_762,Last_762,Manager,762,2022-11-15
763,First_763,Last_763,Technician,763,2023-08-07
764,First_764,Last_764,Cashier,764,2022-10-10
765,First_765,Last_765,Cashier,765,2024-03-23
766,First_766,Last_766,Sales Rep,766,2024-06-09
767,First_767,Last_767,Cashier,767,2022-07-02
768,First_768,Last_768,Technician,768,2023-08-15
769,First_769,Last_769,Cashier,769,2023-06-14
770,First_770,Last_770,Technician,770,2022-04-06
771,First_771,Last_771,Sales Rep,771,2022-03-21
772,First_772,Last_772,Cashier,772,2022-12-26
773,First_773,Last_773,Cashier,773,2024-02-23
774,First_774,Last_774,Cashier,774,2024-03-04
775,First_775,Last_775,Sales Rep,775,2023-08-07
776,First_776,Last_776,Cashier,776,2024-01-25
777,First_777,Last_777,Manager,777,2022-03-12
778,First_778,Last_778,Cashier,778,2024-05-04
779,First_779,Last_779,Cashier,779,2022-08-23
780,First_780,Last_780,Technician,780,2023-04-26
781,First_781,Last_781,Sales Rep,781,2023-02-04
782,First_782,Last_782,Sales Rep,782,2023-04-07
783,First_783,Last_783,Technician,783,2024-04-21
784,First_784,Last_784,Manager,784,2022-12-10
785,First_785,Last_785,Manager,785,2023-04-16
786,First_786,Last_786,Cashier,786,2024-03-09
787,First_787,Last_787,Technician,787,2023-04-11
788,First_788,Last_788,Cashier,788,2022-06-11
789,First_789,Last_789,Technician,789,2023-06-14
790,First_790,Last_790,Technician,790,2023-07-15
791,First_791,Last_791,Cashier,791,2022-05-31
792,First_792,Last_792,Sales Rep,792,2023-03-27
793,First_793,Last_793,Sales Rep,793,2024-07-15
794,First_794,Last_794,Sales Rep,794,2023-02-26
795,First_795,Last_795,Technician,795,2022-12-16
796,First_796,Last_796,Sales Rep,796,2024-04-27
797,First_797,Last_797,Cashier,797,2024-05-29
798,First_798,Last_798,Sales Rep,798,2023-03-21
799,First_799,Last_799,Cashier,799,2022-04-28
800,First_800,Last_800,Manager,800,2022-07-02
801,First_801,Last_801,Manager,801,2024-04-29
802,First_802,Last_802,Technician,802,2024-03-23
803,First_803,Last_803,Cashier,803,2022-08-27
804,First_804,Last_804,Sales Rep,804,2023-11-19
805,First_805,Last_805,Manager,805,2023-06-06
806,First_806,Last_806,Sales Rep,806,2024-05-22
807,First_807,Last_807,Sales Rep,807,2023-06-06
808,First_808,Last_808,Manager,808,2023-07-06
809,First_809,Last_809,Sales Rep,809,2023-02-11
810,First_810,Last_810,Manager,810,2024-05-04
811,First_811,Last_811,Sales Rep,811,2022-03-26
812,First_812,Last_812,Technician,812,2022-09-26
813,First_813,Last_813,Manager,813,2024-03-10
814,First_814,Last_814,Technician,814,2022-09-04
815,First_815,Last_815,Technician,815,2024-06-30
816,First_816,Last_816,Cashier,816,2022-11-28
817,First_817,Last_817,Manager,817,2023-01-29
818,First_818,Last_818,Sales Rep,818,2024-02-12
819,First_819,Last_819,Sales Rep,819,2022-02-17
820,First_820,Last_820,Manager,820,2022-08-28
821,First_821,Last_821,Cashier,821,2022-06-14
822,First_822,Last_822,Sales Rep,822,2023-06-16
823,First_823,Last_823,Sales Rep,823,2022-02-13
824,First_824,Last_824,Cashier,824,2023-05-24
825,First_825,Last_825,Manager,825,2022-12-16
826,First_826,Last_826,Cashier,826,2022-03-09
827,First_827,Last_827,Manager,827,2023-12-28
828,First_828,Last_828,Technician,828,2022-03-01
829,First_829,Last_829,Cashier,829,2023-09-07
830,First_830,Last_830,Manager,830,2023-07-13
831,First_831,Last_831,Technician,831,2022-03-05
832,First_832,Last_832,Technician,832,2024-04-28
833,First_833,Last_833,Sales Rep,833,2023-10-07
834,First_834,Last_834,Sales Rep,834,2022-06-13
835,First_835,Last_835,Cashier,835,2022-10-01
836,First_836,Last_836,Sales Rep,836,2023-03-25
837,First_837,Last_837,Manager,837,2024-02-13
838,First_838,Last_838,Technician,838,2024-02-21
839,First_839,Last_839,Cashier,839,2024-01-24
840,First_840,Last_840,Technician,840,2024-06-01
841,First_841,Last_841,Cashier,841,2023-05-24
842,First_842,Last_842,Sales Rep,842,2023-08-03
843,First_843,Last_843,Cashier,843,2023-12-28
844,First_844,Last_844,Manager,844,2022-08-23
845,First_845,Last_845,Technician,845,2022-08-09
846,First_846,Last_846,Sales Rep,846,2022-05-26
847,First_847,Last_847,Technician,847,2023-11-15
848,First_848,Last_848,Technician,848,2024-03-13
849,First_849,Last_849,Manager,849,2024-03-03
850,First_850,Last_850,Manager,850,2023-08-18
851,First_851,Last_851,Manager,851,2024-01-30
852,First_852,Last_852,Manager,852,2023-12-26
853,First_853,Last_853,Technician,853,2022-12-06
854,First_854,Last_854,Manager,854,2023-07-23
855,First_855,Last_855,Sales Rep,855,2023-03-13
856,First_856,Last_856,Manager,856,2022-08-07
857,First_857,Last_857,Technician,857,2022-07-23
858,First_858,Last_858,Sales Rep,858,2023-09-30
859,First_859,Last_859,Technician,859,2024-04-22
860,First_860,Last_860,Manager,860,2022-05-01
861,First_861,Last_861,Cashier,861,2022-06-10
862,First_862,Last_862,Technician,862,2024-02-11
863,First_863,Last_863,Cashier,863,2023-02-16
864,First_864,Last_864,Sales Rep,864,2023-10-02
865,First_865,Last_865,Manager,865,2023-02-04
866,First_866,Last_866,Technician,866,2024-01-07
867,First_867,Last_867,Manager,867,2022-11-04
868,First_868,Last_868,Manager,868,2024-06-15
869,First_869,Last_869,Sales Rep,869,2022-06-25
870,First_870,Last_870,Cashier,870,2022-05-23
871,First_871,Last_871,Sales Rep,871,2022-05-20
872,First_872,Last_872,Technician,872,2023-01-05
873,First_873,Last_873,Manager,873,2023-09-24
874,First_874,Last_874,Sales Rep,874,2022-12-28
875,First_875,Last_875,Technician,875,2023-06-26
876,First_876,Last_876,Manager,876,2022-08-01
877,First_877,Last_877,Technician,877,2022-02-24
878,First_878,Last_878,Technician,878,2024-05-15
879,First_879,Last_879,Technician,879,2022-05-22
880,First_880,Last_880,Sales Rep,880,2022-03-05
881,First_881,Last_881,Manager,881,2022-04-03
882,First_882,Last_882,Manager,882,2023-08-30
883,First_883,Last_883,Sales Rep,883,2022-12-24
884,First_884,Last_884,Manager,884,2023-05-01
885,First_885,Last_885,Sales Rep,885,2023-09-28
886,First_886,Last_886,Sales Rep,886,2022-03-13
887,First_887,Last_887,Cashier,887,2023-03-08
888,First_888,Last_888,Sales Rep,888,2022-10-13
889,First_889,Last_889,Cashier,889,2022-06-19
890,First_890,Last_890,Technician,890,2024-04-05
891,First_891,Last_891,Sales Rep,891,2022-11-14
892,First_892,Last_892,Cashier,892,2024-03-12
893,First_893,Last_893,Sales Rep,893,2023-01-23
894,First_894,Last_894,Sales Rep,894,2023-11-19
895,First_895,Last_895,Manager,895,2022-05-29
896,First_896,Last_896,Manager,896,2024-02-03
897,First_897,Last_897,Sales Rep,897,2023-03-08
898,First_898,Last_898,Manager,898,2024-02-07
899,First_899,Last_899,Manager,899,2023-05-08
900,First_900,Last_900,Manager,900,2022-05-31
901,First_901,Last_901,Technician,901,2024-07-02
902,First_902,Last_902,Cashier,902,2022-09-27
903,First_903,Last_903,Cashier,903,2022-12-04
904,First_904,Last_904,Manager,904,2022-08-09
905,First_905,Last_905,Technician,905,2023-02-15
906,First_906,Last_906,Technician,906,2023-08-15
907,First_907,Last_907,Cashier,907,2022-08-21
908,First_908,Last_908,Manager,908,2024-01-27
909,First_909,Last_909,Technician,909,2023-10-20
910,First_910,Last_910,Sales Rep,910,2022-11-13
911,First_911,Last_911,Technician,911,2023-10-18
912,First_912,Last_912,Technician,912,2022-06-11
913,First_913,Last_913,Manager,913,2022-07-06
914,First_914,Last_914,Cashier,914,2023-11-05
915,First_915,Last_915,Sales Rep,915,2024-03-12
916,First_916,Last_916,Technician,916,2024-02-19
917,First_917,Last_917,Manager,917,2023-06-12
918,First_918,Last_918,Sales Rep,918,2022-03-17
919,First_919,Last_919,Sales Rep,919,2023-09-14
920,First_920,Last_920,Sales Rep,920,2023-02-10
921,First_921,Last_921,Technician,921,2024-03-14
922,First_922,Last_922,Sales Rep,922,2023-06-28
923,First_923,Last_923,Cashier,923,2022-06-18
924,First_924,Last_924,Cashier,924,2022-07-07
925,First_925,Last_925,Cashier,925,2023-11-13
926,First_926,Last_926,Manager,926,2024-03-30
927,First_927,Last_927,Manager,927,2023-05-08
928,First_928,Last_928,Cashier,928,2022-05-31
929,First_929,Last_929,Manager,929,2022-10-19
930,First_930,Last_930,Technician,930,2023-10-21
931,First_931,Last_931,Manager,931,2024-07-20
932,First_932,Last_932,Manager,932,2022-03-14
933,First_933,Last_933,Manager,933,2022-07-31
934,First_934,Last_934,Technician,934,2023-01-18
935,First_935,Last_935,Technician,935,2023-06-11
936,First_936,Last_936,Cashier,936,2022-04-25
937,First_937,Last_937,Manager,937,2023-07-31
938,First_938,Last_938,Sales Rep,938,2023-04-14
939,First_939,Last_939,Technician,939,2022-11-30
940,First_940,Last_940,Technician,940,2023-07-20
941,First_941,Last_941,Technician,941,2022-08-02
942,First_942,Last_942,Technician,942,2022-08-02
943,First_943,Last_943,Manager,943,2024-04-17
944,First_944,Last_944,Sales Rep,944,2023-06-23
945,First_945,Last_945,Manager,945,2024-03-21
946,First_946,Last_946,Manager,946,2022-10-09
947,First_947,Last_947,Technician,947,2024-06-16
948,First_948,Last_948,Technician,948,2022-07-07
949,First_949,Last_949,Sales Rep,949,2023-10-19
950,First_950,Last_950,Technician,950,2022-10-25
951,First_951,Last_951,Sales Rep,951,2022-04-22
952,First_952,Last_952,Cashier,952,2023-05-03
953,First_953,Last_953,Cashier,953,2023-12-30
954,First_954,Last_954,Technician,954,2022-08-31
955,First_955,Last_955,Manager,955,2024-06-09
956,First_956,Last_956,Technician,956,2023-08-03
957,First_957,Last_957,Technician,957,2024-06-16
958,First_958,Last_958,Technician,958,2024-02-24
959,First_959,Last_959,Cashier,959,2023-10-05
960,First_960,Last_960,Manager,960,2024-06-09
961,First_961,Last_961,Sales Rep,961,2022-12-27
962,First_962,Last_962,Manager,962,2022-10-27
963,First_963,Last_963,Cashier,963,2022-10-07
964,First_964,Last_964,Technician,964,2023-10-22
965,First_965,Last_965,Technician,965,2023-09-02
966,First_966,Last_966,Cashier,966,2024-03-11
967,First_967,Last_967,Cashier,967,2022-06-13
968,First_968,Last_968,Manager,968,2024-05-20
969,First_969,Last_969,Manager,969,2023-07-26
970,First_970,Last_970,Technician,970,2023-03-26
971,First_971,Last_971,Manager,971,2023-07-17
972,First_972,Last_972,Technician,972,2022-04-16
973,First_973,Last_973,Sales Rep,973,2023-07-16
974,First_974,Last_974,Sales Rep,974,2023-08-08
975,First_975,Last_975,Technician,975,2023-07-27
976,First_976,Last_976,Manager,976,2022-11-23
977,First_977,Last_977,Sales Rep,977,2022-03-08
978,First_978,Last_978,Cashier,978,2022-07-27
979,First_979,Last_979,Cashier,979,2023-06-24
980,First_980,Last_980,Sales Rep,980,2022-09-19
981,First_981,Last_981,Technician,981,2023-05-20
982,First_982,Last_982,Sales Rep,982,2023-05-24
983,First_983,Last_983,Sales Rep,983,2022-12-19
984,First_984,Last_984,Cashier,984,2022-02-24
985,First_985,Last_985,Manager,985,2024-07-20
986,First_986,Last_986,Sales Rep,986,2023-06-22
987,First_987,Last_987,Sales Rep,987,2023-01-09
988,First_988,Last_988,Technician,988,2022-02-27
989,First_989,Last_989,Sales Rep,989,2023-09-24
990,First_990,Last_990,Sales Rep,990,2023-07-03
991,First_991,Last_991,Technician,991,2024-06-03
992,First_992,Last_992,Sales Rep,992,2022-03-29
993,First_993,Last_993,Sales Rep,993,2024-01-05
994,First_994,Last_994,Sales Rep,994,2023-10-04
995,First_995,Last_995,Sales Rep,995,2022-09-18
996,First_996,Last_996,Sales Rep,996,2022-12-04
997,First_997,Last_997,Sales Rep,997,2022-04-06
998,First_998,Last_998,Cashier,998,2023-06-08
999,First_999,Last_999,Manager,999,2023-02-14
1000,First_1000,Last_1000,Manager,1000,2024-02-10
1001,First_1001,Last_1001,Technician,1001,2022-09-19
1002,First_1002,Last_1002,Cashier,1002,2023-12-19
1003,First_1003,Last_1003,Technician,1003,2024-03-01
1004,First_1004,Last_1004,Cashier,1004,2023-03-12
1005,First_1005,Last_1005,Cashier,1005,2022-04-05
1006,First_1006,Last_1006,Sales Rep,1006,2022-09-17
1007,First_1007,Last_1007,Cashier,1007,2022-04-03
1008,First_1008,Last_1008,Cashier,1008,2022-10-10
1009,First_1009,Last_1009,Cashier,1009,2023-03-07
1010,First_1010,Last_1010,Sales Rep,1010,2023-07-20
1011,First_1011,Last_1011,Technician,1011,2023-06-22
1012,First_1012,Last_1012,Manager,1012,2022-06-25
1013,First_1013,Last_1013,Technician,1013,2024-04-02
1014,First_1014,Last_1014,Manager,1014,2023-11-04
1015,First_1015,Last_1015,Cashier,1015,2022-10-23
1016,First_1016,Last_1016,Technician,1016,2023-10-28
1017,First_1017,Last_1017,Manager,1017,2023-03-26
1018,First_1018,Last_1018,Sales Rep,1018,2023-12-11
1019,First_1019,Last_1019,Cashier,1019,2024-03-14
1020,First_1020,Last_1020,Sales Rep,1020,2023-12-21
1021,First_1021,Last_1021,Cashier,1021,2022-07-31
1022,First_1022,Last_1022,Manager,1022,2022-12-10
1023,First_1023,Last_1023,Cashier,1023,2023-08-30
1024,First_1024,Last_1024,Sales Rep,1024,2023-11-29
1025,First_1025,Last_1025,Cashier,1025,2022-10-29
1026,First_1026,Last_1026,Technician,1026,2023-03-28
1027,First_1027,Last_1027,Technician,1027,2022-04-16
1028,First_1028,Last_1028,Manager,1028,2022-12-07
1029,First_1029,Last_1029,Sales Rep,1029,2023-10-18
1030,First_1030,Last_1030,Cashier,1030,2022-08-06
1031,First_1031,Last_1031,Cashier,1031,2024-02-12
1032,First_1032,Last_1032,Cashier,1032,2022-05-15
1033,First_1033,Last_1033,Manager,1033,2024-04-23
1034,First_1034,Last_1034,Cashier,1034,2022-06-24
1035,First_1035,Last_1035,Manager,1035,2022-07-05
1036,First_1036,Last_1036,Sales Rep,1036,2022-08-14
1037,First_1037,Last_1037,Technician,1037,2022-04-12
1038,First_1038,Last_1038,Technician,1038,2023-09-23
1039,First_1039,Last_1039,Manager,1039,2022-05-13
1040,First_1040,Last_1040,Sales Rep,1040,2022-07-21
1041,First_1041,Last_1041,Cashier,1041,2023-01-24
1042,First_1042,Last_1042,Technician,1042,2024-01-27
1043,First_1043,Last_1043,Cashier,1043,2022-07-17
1044,First_1044,Last_1044,Sales Rep,1044,2024-03-07
1045,First_1045,Last_1045,Sales Rep,1045,2022-02-19
1046,First_1046,Last_1046,Technician,1046,2022-06-12
1047,First_1047,Last_1047,Sales Rep,1047,2022-09-10
1048,First_1048,Last_1048,Manager,1048,2023-04-12
1049,First_1049,Last_1049,Technician,1049,2023-10-19
1050,First_1050,Last_1050,Manager,1050,2024-05-15
1051,First_1051,Last_1051,Sales Rep,1051,2023-12-26
1052,First_1052,Last_1052,Cashier,1052,2022-06-04
1053,First_1053,Last_1053,Cashier,1053,2022-06-03
1054,First_1054,Last_1054,Manager,1054,2022-09-03
1055,First_1055,Last_1055,Technician,1055,2023-10-11
1056,First_1056,Last_1056,Sales Rep,1056,2024-03-28
1057,First_1057,Last_1057,Cashier,1057,2022-10-30
1058,First_1058,Last_1058,Manager,1058,2022-06-03
1059,First_1059,Last_1059,Sales Rep,1059,2022-10-16
1060,First_1060,Last_1060,Manager,1060,2022-03-01
1061,First_1061,Last_1061,Sales Rep,1061,2022-03-09
1062,First_1062,Last_1062,Sales Rep,1062,2023-01-14
1063,First_1063,Last_1063,Manager,1063,2023-10-24
1064,First_1064,Last_1064,Manager,1064,2023-03-10
1065,First_1065,Last_1065,Cashier,1065,2022-04-01
1066,First_1066,Last_1066,Cashier,1066,2022-03-12
1067,First_1067,Last_1067,Manager,1067,2022-12-10
1068,First_1068,Last_1068,Cashier,1068,2023-12-05
1069,First_1069,Last_1069,Sales Rep,1069,2022-07-21
1070,First_1070,Last_1070,Cashier,1070,2022-07-09
1071,First_1071,Last_1071,Sales Rep,1071,2023-09-17
1072,First_1072,Last_1072,Manager,1072,2024-05-20
1073,First_1073,Last_1073,Cashier,1073,2024-05-04
1074,First_1074,Last_1074,Technician,1074,2022-07-31
1075,First_1075,Last_1075,Technician,1075,2022-07-18
1076,First_1076,Last_1076,Manager,1076,2024-04-08
1077,First_1077,Last_1077,Manager,1077,2023-10-12
1078,First_1078,Last_1078,Technician,1078,2022-10-11
1079,First_1079,Last_1079,Manager,1079,2022-11-14
1080,First_1080,Last_1080,Cashier,1080,2024-01-06
1081,First_1081,Last_1081,Sales Rep,1081,2023-01-09
1082,First_1082,Last_1082,Sales Rep,1082,2022-11-08
1083,First_1083,Last_1083,Technician,1083,2023-04-16
1084,First_1084,Last_1084,Technician,1084,2024-07-02
1085,First_1085,Last_1085,Cashier,1085,2022-10-05
1086,First_1086,Last_1086,Sales Rep,1086,2023-04-27
1087,First_1087,Last_1087,Sales Rep,1087,2022-07-25
1088,First_1088,Last_1088,Cashier,1088,2023-09-06
1089,First_1089,Last_1089,Manager,1089,2023-09-24
1090,First_1090,Last_1090,Technician,1090,2022-02-25
1091,First_1091,Last_1091,Manager,1091,2023-10-23
1092,First_1092,Last_1092,Sales Rep,1092,2023-12-20
1093,First_1093,Last_1093,Sales Rep,1093,2023-09-24
1094,First_1094,Last_1094,Cashier,1094,2022-12-03
1095,First_1095,Last_1095,Manager,1095,2022-10-22
1096,First_1096,Last_1096,Sales Rep,1096,2023-06-03
1097,First_1097,Last_1097,Technician,1097,2022-05-21
1098,First_1098,Last_1098,Manager,1098,2023-01-03
1099,First_1099,Last_1099,Technician,1099,2023-01-26
1100,First_1100,Last_1100,Sales Rep,1100,2022-05-21
1101,First_1101,Last_1101,Technician,1101,2022-07-19
1102,First_1102,Last_1102,Sales Rep,1102,2022-09-27
1103,First_1103,Last_1103,Technician,1103,2023-06-07
1104,First_1104,Last_1104,Sales Rep,1104,2023-06-06
1105,First_1105,Last_1105,Technician,1105,2023-02-06
1106,First_1106,Last_1106,Technician,1106,2023-11-19
1107,First_1107,Last_1107,Technician,1107,2022-12-22
1108,First_1108,Last_1108,Technician,1108,2024-04-29
1109,First_1109,Last_1109,Cashier,1109,2022-09-27
1110,First_1110,Last_1110,Cashier,1110,2023-10-25
1111,First_1111,Last_1111,Manager,1111,2022-11-30
1112,First_1112,Last_1112,Cashier,1112,2022-05-31
1113,First_1113,Last_1113,Manager,1113,2023-03-18
1114,First_1114,Last_1114,Cashier,1114,2022-10-09
1115,First_1115,Last_1115,Manager,1115,2023-01-10
1116,First_1116,Last_1116,Sales Rep,1116,2023-03-24
1117,First_1117,Last_1117,Sales Rep,1117,2024-01-26
1118,First_1118,Last_1118,Cashier,1118,2024-06-09
1119,First_1119,Last_1119,Technician,1119,2022-03-22
1120,First_1120,Last_1120,Sales Rep,1120,2022-10-02
1121,First_1121,Last_1121,Manager,1121,2022-05-27
1122,First_1122,Last_1122,Manager,1122,2023-08-16
1123,First_1123,Last_1123,Cashier,1123,2022-09-18
1124,First_1124,Last_1124,Manager,1124,2022-12-20
1125,First_1125,Last_1125,Sales Rep,1125,2022-02-06
1126,First_1126,Last_1126,Cashier,1126,2024-05-16
1127,First_1127,Last_1127,Manager,1127,2023-01-29
1128,First_1128,Last_1128,Technician,1128,2024-02-03
1129,First_1129,Last_1129,Cashier,1129,2023-02-28
1130,First_1130,Last_1130,Cashier,1130,2023-05-24
1131,First_1131,Last_1131,Sales Rep,1131,2022-04-01
1132,First_1132,Last_1132,Cashier,1132,2023-11-27
1133,First_1133,Last_1133,Cashier,1133,2022-08-28
1134,First_1134,Last_1134,Sales Rep,1134,2024-03-23
1135,First_1135,Last_1135,Cashier,1135,2022-11-24
1136,First_1136,Last_1136,Cashier,1136,2024-06-10
1137,First_1137,Last_1137,Cashier,1137,2023-08-10
1138,First_1138,Last_1138,Sales Rep,1138,2024-01-06
1139,First_1139,Last_1139,Sales Rep,1139,2022-08-11
1140,First_1140,Last_1140,Technician,1140,2023-04-26
1141,First_1141,Last_1141,Manager,1141,2022-04-01
1142,First_1142,Last_1142,Technician,1142,2024-01-10
1143,First_1143,Last_1143,Cashier,1143,2023-05-08
1144,First_1144,Last_1144,Cashier,1144,2023-03-30
1145,First_1145,Last_1145,Technician,1145,2024-06-20
1146,First_1146,Last_1146,Sales Rep,1146,2023-08-12
1147,First_1147,Last_1147,Cashier,1147,2022-12-26
1148,First_1148,Last_1148,Sales Rep,1148,2024-06-14
1149,First_1149,Last_1149,Manager,1149,2024-03-05
1150,First_1150,Last_1150,Manager,1150,2023-07-30
1151,First_1151,Last_1151,Manager,1151,2024-06-22
1152,First_1152,Last_1152,Sales Rep,1152,2023-03-16
1153,First_1153,Last_1153,Technician,1153,2022-12-01
1154,First_1154,Last_1154,Sales Rep,1154,2024-02-19
1155,First_1155,Last_1155,Manager,1155,2023-06-28
1156,First_1156,Last_1156,Technician,1156,2022-06-10
1157,First_1157,Last_1157,Manager,1157,2023-08-14
1158,First_1158,Last_1158,Manager,1158,2023-06-28
1159,First_1159,Last_1159,Technician,1159,2024-06-30
1160,First_1160,Last_1160,Sales Rep,1160,2023-02-13
1161,First_1161,Last_1161,Cashier,1161,2024-01-13
1162,First_1162,Last_1162,Sales Rep,1162,2024-02-23
1163,First_1163,Last_1163,Sales Rep,1163,2023-09-28
1164,First_1164,Last_1164,Manager,1164,2023-09-26
1165,First_1165,Last_1165,Manager,1165,2023-11-09
1166,First_1166,Last_1166,Technician,1166,2022-10-19
1167,First_1167,Last_1167,Manager,1167,2024-06-10
1168,First_1168,Last_1168,Technician,1168,2024-02-10
1169,First_1169,Last_1169,Manager,1169,2024-03-13
1170,First_1170,Last_1170,Technician,1170,2024-05-19
1171,First_1171,Last_1171,Sales Rep,1171,2023-01-15
1172,First_1172,Last_1172,Sales Rep,1172,2022-11-07
1173,First_1173,Last_1173,Technician,1173,2023-06-09
1174,First_1174,Last_1174,Cashier,1174,2022-09-22
1175,First_1175,Last_1175,Technician,1175,2022-05-15
1176,First_1176,Last_1176,Technician,1176,2023-02-21
1177,First_1177,Last_1177,Cashier,1177,2022-05-21
1178,First_1178,Last_1178,Cashier,1178,2023-08-29
1179,First_1179,Last_1179,Cashier,1179,2023-08-30
1180,First_1180,Last_1180,Manager,1180,2023-04-21
1181,First_1181,Last_1181,Cashier,1181,2024-06-05
1182,First_1182,Last_1182,Manager,1182,2024-07-25
1183,First_1183,Last_1183,Manager,1183,2023-12-01
1184,First_1184,Last_1184,Sales Rep,1184,2023-08-04
1185,First_1185,Last_1185,Manager,1185,2023-10-04
1186,First_1186,Last_1186,Cashier,1186,2023-10-08
1187,First_1187,Last_1187,Sales Rep,1187,2022-09-08
1188,First_1188,Last_1188,Manager,1188,2022-09-01
1189,First_1189,Last_1189,Cashier,1189,2023-06-19
1190,First_1190,Last_1190,Manager,1190,2024-07-17
1191,First_1191,Last_1191,Sales Rep,1191,2023-08-17
1192,First_1192,Last_1192,Sales Rep,1192,2023-11-03
1193,First_1193,Last_1193,Sales Rep,1193,2022-03-16
1194,First_1194,Last_1194,Cashier,1194,2023-06-22
1195,First_1195,Last_1195,Technician,1195,2023-06-10
1196,First_1196,Last_1196,Cashier,1196,2022-07-05
1197,First_1197,Last_1197,Manager,1197,2023-01-14
1198,First_1198,Last_1198,Manager,1198,2022-04-21
1199,First_1199,Last_1199,Cashier,1199,2024-06-19
1200,First_1200,Last_1200,Manager,1200,2023-03-03
